NAME,XCOORDS,YCOORDS,OU,SYSTEM
17-D,568480,146895.9,100-KR-4,NA
18-S,568712.6,147064.3,100-KR-4,KX_KW_KR4
19-D,569032.1,147394.8,100-KR-4,KX_KW_KR4
19-M,569031.9,147394.2,100-KR-4,KX_KW_KR4
199-K-106A,568697.4,146502.4,100-KR-4,KX_KW_KR4
199-K-107A,568579.9,146468.8,100-KR-4,KX_KW_KR4
199-K-108A,568687.2,146396.1,100-KR-4,KX_KW_KR4
199-K-11,568938,146617.8,100-KR-4,KX_KW_KR4
199-K-110A,569230,146677.9,100-KR-4,KX_KW_KR4
199-K-111A,569308.2,146968.9,100-KR-4,KX_KW_KR4
199-K-112A,570278.6,148503.4,100-KR-4,KX_KW_KR4
199-K-113A,570098.1,148294.5,100-KR-4,KX_KW_KR4
199-K-114A,570020.3,148280.5,100-KR-4,KX_KW_KR4
199-K-115A,569940,148135.4,100-KR-4,KX_KW_KR4
199-K-116A,569871.1,147960.5,100-KR-4,KX_KW_KR4
199-K-117A,569702.6,147977,100-KR-4,KX_KW_KR4
199-K-118A,569703.1,147865.9,100-KR-4,KX_KW_KR4
199-K-119A,569661.8,147649.7,100-KR-4,KX_KW_KR4
199-K-120A,569399.6,147518.5,100-KR-4,KX_KW_KR4
199-K-124A,569867.9,146991.7,100-KR-4,KX_KW_KR4
199-K-125A,569712.9,147866,100-KR-4,KX_KW_KR4
199-K-126,570574.7,148509.6,100-KR-4,KX_KW_KR4
199-K-127,569539.2,147539,100-KR-4,KX_KW_KR4
199-K-129,570283.7,148503.1,100-KR-4,KX_KW_KR4
199-K-13,569037.7,146682.1,100-KR-4,KX_KW_KR4
199-K-130,570479,148661.2,100-KR-4,KX_KW_KR4
199-K-131,570662,148903.9,100-KR-4,KX_KW_KR4
199-K-132,568495.1,146670.8,100-KR-4,KX_KW_KR4
199-K-133,570560.1,148536.3,100-KR-4,KX_KW_KR4
199-K-134,570600.1,148525.3,100-KR-4,KX_KW_KR4
199-K-135,570589.3,148484.1,100-KR-4,KX_KW_KR4
199-K-136,570549,148495,100-KR-4,KX_KW_KR4
199-K-137,568653.4,146374.5,100-KR-4,KX_KW_KR4
199-K-138,568395.2,146616.6,100-KR-4,KX_KW_KR4
199-K-139,568551.4,146518.4,100-KR-4,KX_KW_KR4
199-K-140,568493.1,146493.7,100-KR-4,KX_KW_KR4
199-K-141,569024.2,146818.5,100-KR-4,KX_KW_KR4
199-K-142,569104.3,146870.9,100-KR-4,KX_KW_KR4
199-K-143,570934.4,148088.3,100-KR-4,KX_KW_KR4
199-K-144,569163.3,147266,100-KR-4,KX_KW_KR4
199-K-145,569284.6,147425.7,100-KR-4,KX_KW_KR4
199-K-146,570197.6,148379.8,100-KR-4,KX_KW_KR4
199-K-147,570411.6,148558.1,100-KR-4,KX_KW_KR4
199-K-148,570584.7,148767.9,100-KR-4,KX_KW_KR4
199-K-149,570778.2,148970.7,100-NR-2,KX_KW_KR4
199-K-150,570787.7,149051.9,100-NR-2,KX_KW_KR4
199-K-151,570941.3,148686.4,100-NR-2,KX_KW_KR4
199-K-152,570736.2,148585.9,100-KR-4,KX_KW_KR4
199-K-153,570530,148210.1,100-KR-4,KX_KW_KR4
199-K-154,570321.1,148027,100-KR-4,KX_KW_KR4
199-K-156,569674,147270.9,100-KR-4,KX_KW_KR4
199-K-157,569432.2,147167.9,100-KR-4,KX_KW_KR4
199-K-161,570004.6,148202.3,100-KR-4,KX_KW_KR4
199-K-162,569340,147460,100-KR-4,KX_KW_KR4
199-K-163,570230.7,147947.9,100-KR-4,KX_KW_KR4
199-K-165,568675,146342.4,100-KR-4,KX_KW_KR4
199-K-166,568594.6,146343,100-KR-4,KX_KW_KR4
199-K-168,568544.4,146513.6,100-KR-4,KX_KW_KR4
199-K-171,570544,147187.9,100-KR-4,KX_KW_KR4
199-K-173,568674.1,146266.9,100-KR-4,KX_KW_KR4
199-K-174,568915.4,146222.5,100-KR-4,KX_KW_KR4
199-K-175,568882.7,146008.8,100-KR-4,KX_KW_KR4
199-K-178,568963,146954.4,100-KR-4,KX_KW_KR4
199-K-179,569847.2,147481.9,100-KR-4,KX_KW_KR4
199-K-18,569353.7,147400.8,100-KR-4,KX_KW_KR4
199-K-180,571116.1,147449.1,100-KR-4,KX_KW_KR4
199-K-181,568849.8,146892.8,100-KR-4,KX_KW_KR4
199-K-182,571185.3,148350.2,100-KR-4,KX_KW_KR4
199-K-184,568618.7,146366.3,100-KR-4,KX_KW_KR4
199-K-185,568574.9,146726.2,100-KR-4,KX_KW_KR4
199-K-186,569209.7,146625.4,100-KR-4,KX_KW_KR4
199-K-187,569499,146054.7,100-KR-4,KX_KW_KR4
199-K-188,569386.8,146370.1,100-KR-4,KX_KW_KR4
199-K-189,569150.3,146809.7,100-KR-4,KX_KW_KR4
199-K-19,569458.5,147386.6,100-KR-4,KX_KW_KR4
199-K-190,568835.3,146873.3,100-KR-4,KX_KW_KR4
199-K-191,569711.2,146886.6,100-KR-4,KX_KW_KR4
199-K-192,569393.2,147294.3,100-KR-4,KX_KW_KR4
199-K-193,570642,146969.6,100-KR-4,KX_KW_KR4
199-K-194,571315.7,147282,100-KR-4,KX_KW_KR4
199-K-196,568433.3,146639.3,100-KR-4,KX_KW_KR4
199-K-197,569348.8,147528.8,100-KR-4,KX_KW_KR4
199-K-198,569304.2,147551.9,100-KR-4,KX_KW_KR4
199-K-199,569339.8,147585.3,100-KR-4,KX_KW_KR4
199-K-20,569520.5,147687.2,100-KR-4,KX_KW_KR4
199-K-200,569426.1,147253.5,100-KR-4,KX_KW_KR4
199-K-201,570092.1,148069.1,100-KR-4,KX_KW_KR4
199-K-202,569101.4,146792.6,100-KR-4,KX_KW_KR4
199-K-203,569212.4,146848.9,100-KR-4,KX_KW_KR4
199-K-204,568648.3,146572.9,100-KR-4,KX_KW_KR4
199-K-205,568845.7,146090.9,100-KR-4,KX_KW_KR4
199-K-207,569409.8,146979.8,100-KR-4,KX_KW_KR4
199-K-208,569291.8,147170.2,100-KR-4,KX_KW_KR4
199-K-209,572552.4,147065.9,100-KR-4,KX_KW_KR4
199-K-21,569769.9,147932.1,100-KR-4,KX_KW_KR4
199-K-210,569058.1,147155.2,100-KR-4,KX_KW_KR4
199-K-212,569954.4,148047.7,100-KR-4,KX_KW_KR4
199-K-22,570023.7,148097.4,100-KR-4,KX_KW_KR4
199-K-220,569356.2,146417.5,100-KR-4,KX_KW_KR4
199-K-221,569129.4,146753.9,100-KR-4,KX_KW_KR4
199-K-222,569186.8,146730.6,100-KR-4,KX_KW_KR4
199-K-23,569081.8,146635.8,100-KR-4,KX_KW_KR4
199-K-32A,569024.2,147006.7,100-KR-4,KX_KW_KR4
199-K-32B,569012.4,147004.8,100-KR-4,KX_KW_KR4
199-K-34,568605.8,146501.9,100-KR-4,KX_KW_KR4
199-K-36,569373.6,146390.5,100-KR-4,KX_KW_KR4
199-K-37,570216.2,148226.5,100-KR-4,KX_KW_KR4
199-N-189,571431.7,148430.5,100-NR-2,KX_KW_KR4
21-M,569603.8,148039.3,100-KR-4,KX_KW_KR4
21-S,569604.8,148035.8,100-KR-4,KX_KW_KR4
22-D,569951.3,148359.5,100-KR-4,KX_KW_KR4
22-M,569951.3,148359.5,100-KR-4,KX_KW_KR4
23-M,570225.5,148592.7,100-KR-4,KX_KW_KR4
25-D,570547,149001,100-NR-2,KX_KW_KR4
26-D,570725,149148,100-NR-2,KX_KW_KR4
26-M,570725,149148,100-NR-2,KX_KW_KR4
26-S,570725,149148,100-NR-2,KX_KW_KR4
699-73-61,571420.8,145781.5,100-KR-4,KX_KW_KR4
699-78-62,570877.3,147166.2,100-KR-4,KX_KW_KR4
699-81-58,572185.4,148173.4,100-NR-2,KX_KW_KR4
AT-K-1-D,568327.3,146807.1,100-KR-4,KX_KW_KR4
AT-K-1-M,568325.5,146806.9,100-KR-4,KX_KW_KR4
AT-K-2-D,568801.2,147157.9,100-KR-4,KX_KW_KR4
AT-K-2-M,568804,147158,100-KR-4,KX_KW_KR4
AT-K-3-D,569178.2,147581,100-KR-4,KX_KW_KR4
AT-K-3-M,569180,147581.4,100-KR-4,KX_KW_KR4
AT-K-3-S,569177.9,147579.9,100-KR-4,KX_KW_KR4
AT-K-4-D,570123.8,148477.5,100-KR-4,KX_KW_KR4
AT-K-4-M,570123.1,148477,100-KR-4,KX_KW_KR4
AT-K-4-S,570123.1,148477,100-KR-4,KX_KW_KR4
AT-K-5-D,570358.9,148738.3,100-KR-4,KX_KW_KR4
AT-K-5-M,570356.5,148737.4,100-KR-4,KX_KW_KR4
AT-K-5-S,570358,148738.2,100-KR-4,KX_KW_KR4
AT-K-6-D,570642.4,149034.9,100-NR-2,KX_KW_KR4
AT-K-6-M,570639.6,149032.9,100-NR-2,KX_KW_KR4
AT-K-6-S,570641.2,149033.7,100-NR-2,KX_KW_KR4
C3164,570921.4,149012.3,100-NR-2,KX_KW_KR4
C6239,568592.5,146977.9,100-KR-4,KX_KW_KR4
C6240,568591.6,146979.3,100-KR-4,KX_KW_KR4
C6241,568592,146978.9,100-KR-4,KX_KW_KR4
C6242,568695.1,147063.5,100-KR-4,KX_KW_KR4
C6243,568695.3,147063,100-KR-4,KX_KW_KR4
C6244,568694.1,147064,100-KR-4,KX_KW_KR4
C6245,568922.4,147279.5,100-KR-4,KX_KW_KR4
C6246,568920.9,147277.7,100-KR-4,KX_KW_KR4
C6247,568921.7,147276.1,100-KR-4,KX_KW_KR4
C6248,569313.3,147687,100-KR-4,KX_KW_KR4
C6249,569309.5,147688.3,100-KR-4,KX_KW_KR4
C6250,569315,147686.2,100-KR-4,KX_KW_KR4
C6251,569467.2,147888,100-KR-4,KX_KW_KR4
C6252,569475.5,147898.5,100-KR-4,KX_KW_KR4
C6253,569464.3,147897.1,100-KR-4,KX_KW_KR4
C6254,569713.2,148159.9,100-KR-4,KX_KW_KR4
C6255,569709.4,148158.5,100-KR-4,KX_KW_KR4
C6256,569711.5,148158.6,100-KR-4,KX_KW_KR4
C6257,569853.4,148265.9,100-KR-4,KX_KW_KR4
C6258,569851.3,148265.2,100-KR-4,KX_KW_KR4
C6259,569850.5,148271.3,100-KR-4,KX_KW_KR4
C6260,570214.8,148608.8,100-KR-4,KX_KW_KR4
C6261,570209.7,148618.5,100-KR-4,KX_KW_KR4
C7641,568489.2,146934.3,100-KR-4,KX_KW_KR4
C7642,568490.7,146936.4,100-KR-4,KX_KW_KR4
C7643,568494.2,146939.5,100-KR-4,KX_KW_KR4
DK-04-2,570452,148876,100-KR-4,KX_KW_KR4
DK-04-3,570453,148877,100-KR-4,KX_KW_KR4
199-H1-1,576702.3,153384.5,100-HR-3-H,HX
199-H1-2,576451.1,153378.3,100-HR-3-H,HX
199-H1-25,576279.6,154070,100-HR-3-H,HX
199-H1-27,576403.9,154024.2,100-HR-3-H,HX
199-H1-3,576163,153372.2,100-HR-3-H,HX
199-H1-32,576767.1,153766,100-HR-3-H,HX
199-H1-33,576833.3,153716.2,100-HR-3-H,HX
199-H1-34,576883.1,153667.1,100-HR-3-H,HX
199-H1-35,576958.3,153628.1,100-HR-3-H,HX
199-H1-36,576885.6,153486.5,100-HR-3-H,HX
199-H1-37,577106.9,153641.6,100-HR-3-H,HX
199-H1-38,577161,153555,100-HR-3-H,HX
199-H1-39,577223.5,153533.4,100-HR-3-H,HX
199-H1-4,575826.8,153366.9,100-HR-3-H,HX
199-H1-40,577279.3,153500.2,100-HR-3-H,HX
199-H1-42,577127.2,153391.6,100-HR-3-H,HX
199-H1-43,577213.7,153384.3,100-HR-3-H,HX
199-H1-45,577241,153062.4,100-HR-3-H,HX
199-H1-6,576037.8,153745.7,100-HR-3-H,HX
199-H1-7,577629.6,153172.1,100-HR-3-H,HX
199-H2-1,577752.3,153239.9,100-HR-3-H,HX
199-H3-10,577545.1,152723.5,100-HR-3-H,HX
199-H3-25,577410.4,152978.5,100-HR-3-H,HX
199-H3-26,577440.8,152846.5,100-HR-3-H,HX
199-H3-2A,577624.6,152750.1,100-HR-3-H,HX
199-H3-2B,577628.3,152757.2,100-HR-3-H,HX
199-H3-2C,577632.1,152750.3,100-HR-3-H,HX
199-H3-3,577562.1,152363.2,100-HR-3-H,HX
199-H3-4,577544.3,152293.2,100-HR-3-H,HX
199-H3-5,577454.7,152287.5,100-HR-3-H,HX
199-H3-6,578266.5,152425.3,100-HR-3-H,HX
199-H3-7,577931.7,152280,100-HR-3-H,HX
199-H3-9,578039.1,152913.6,100-HR-3-H,HX
199-H4-10,577827.2,153155.8,100-HR-3-H,HX
199-H4-11,578141.9,152728.4,100-HR-3-H,HX
199-H4-12A,578009.2,152912.7,100-HR-3-H,HX
199-H4-12B,578004.4,152918.5,100-HR-3-H,HX
199-H4-12C,578011.8,152919.8,100-HR-3-H,HX
199-H4-13,578219.3,152595.3,100-HR-3-H,HX
199-H4-15A,577904.3,153053.4,100-HR-3-H,HX
199-H4-15B,577899.6,153059.5,100-HR-3-H,HX
199-H4-15CP,577907.7,153060,100-HR-3-H,HX
199-H4-15CQ,577907.7,153060,100-HR-3-H,HX
199-H4-15CR,577907.7,153060,100-HR-3-H,HX
199-H4-15CS,577907.7,153060,100-HR-3-H,HX
199-H4-16,577981.9,152591.6,100-HR-3-H,HX
199-H4-17,577779.2,153037.6,100-HR-3-H,HX
199-H4-18,578018.3,152756.5,100-HR-3-H,HX
199-H4-2,578093.6,152501.5,100-HR-3-H,HX
199-H4-4,578060.8,152854,100-HR-3-H,HX
199-H4-45,578156.4,152433.4,100-HR-3-H,HX
199-H4-46,577883.9,152439.9,100-HR-3-H,HX
199-H4-47,577891.2,152553.3,100-HR-3-H,HX
199-H4-49,577713.8,152445.1,100-HR-3-H,HX
199-H4-5,577944.9,152939.8,100-HR-3-H,HX
199-H4-6,577585.3,152888.4,100-HR-3-H,HX
199-H4-63,578185.8,152665.5,100-HR-3-H,HX
199-H4-64,577946.1,153010.6,100-HR-3-H,HX
199-H4-65,577998.2,152787.3,100-HR-3-H,HX
199-H4-69,578014.1,152686.7,100-HR-3-H,HX
199-H4-70,578003.8,152646.5,100-HR-3-H,HX
199-H4-74,577239.1,152268.8,100-HR-3-H,HX
199-H4-75,577212.4,152704.6,100-HR-3-H,HX
199-H4-76,576787.3,152976.9,100-HR-3-H,HX
199-H4-77,576487.8,152975.4,100-HR-3-H,HX
199-H4-8,577860.7,152921.7,100-HR-3-H,HX
199-H4-83,578135,152634,100-HR-3-H,HX
199-H4-84,577902.6,152848.7,100-HR-3-H,HX
199-H4-85,577980,152880.8,100-HR-3-H,HX
199-H4-86,577704.6,152745.6,100-HR-3-H,HX
199-H4-90,577922.9,152592.6,100-HR-3-H,HX
199-H4-91,578126.6,152524.1,100-HR-3-H,HX
199-H4-92,576723.3,152233.8,100-HR-3-H,HX
199-H4-93,577025.8,152703.3,100-HR-3-H,HX
199-H5-16,576906.8,151646.3,100-HR-3-H,HX
199-H5-1A,577650.1,152257.7,100-HR-3-H,HX
199-H6-1,578236.6,152247.6,100-HR-3-H,HX
199-H6-2,577886.5,152194.1,100-HR-3-H,HX
199-H6-3,578340.4,151929.4,100-HR-3-H,HX
199-H6-4,577771.6,151737.1,100-HR-3-H,HX
199-H6-7,577704.1,151478,100-HR-3-H,HX
199-H6-8,578205.6,151928.1,100-HR-3-H,HX
43-M,576782.6,153963.6,100-HR-3-H,HX
44-M,577033.1,153810.5,100-HR-3-H,HX
45-D,577597.8,153493.8,100-HR-3-H,HX
45-M,577597.8,153493.8,100-HR-3-H,HX
45-S,577597.8,153493.8,100-HR-3-H,HX
47-D,578193.4,152744.4,100-HR-3-H,HX
47-M,578193.9,152743.5,100-HR-3-H,HX
48-M,578465.5,152420.8,100-HR-3-H,HX
48-S,578465.5,152420.8,100-HR-3-H,HX
49-D,578699.8,152232.9,100-HR-3-H,HX
49-M,578699.7,152232.8,100-HR-3-H,HX
49-S,578699.7,152232.8,100-HR-3-H,HX
50-M,578611.8,152118.1,100-HR-3-H,HX
50-S,578611.8,152118.1,100-HR-3-H,HX
51-D,578779.2,151843.8,100-HR-3-H,HX
51-M,578779.2,151843.8,100-HR-3-H,HX
51-S,578779.2,151843.8,100-HR-3-H,HX
52-D,578919.5,151586.2,100-HR-3-H,HX
52-M,578919.5,151586.2,100-HR-3-H,HX
52-S,578919.5,151586.2,100-HR-3-H,HX
54-D,579033.5,151231.9,100-HR-3-H,HX
54-M,579033.5,151231.9,100-HR-3-H,HX
54-S,579033.5,151231.9,100-HR-3-H,HX
699-100-43B,576675.9,154008.6,100-HR-3-H,HX
699-101-45,576032.4,154124.2,100-HR-3-H,HX
699-87-42A,576955.2,150059.1,100-FR-3,HX
699-88-41,577221.5,150333.8,100-HR-3-H,HX
699-89-35,579121.7,150543.5,100-HR-3-H,HX
699-90-37B,578474.7,151031.3,100-HR-3-H,HX
699-90-45,576169.2,151024.5,100-HR-3-H,HX
699-91-46A,575910.9,151156.6,100-HR-3-H,HX
699-94-41,577223.1,152111.7,100-HR-3-H,HX
699-94-43,576625.6,152087.9,100-HR-3-H,HX
699-95-45,576257,152556.3,100-HR-3-H,HX
699-96-43,576761.4,152605.3,100-HR-3-H,HX
699-97-41,577217.5,153090.4,100-HR-3-H,HX
699-97-43B,576859.8,152981.3,100-HR-3-H,HX
699-97-43C,576857.3,152980.7,100-HR-3-H,HX
699-97-45,576051.7,152979,100-HR-3-H,HX
699-97-45B,576049.3,152979.4,100-HR-3-H,HX
699-97-47B,575408.6,153265.3,100-HR-3-H,HX
699-97-60,575682.1,152795,100-HR-3-H,HX
699-98-43,576863.2,153371.4,100-HR-3-H,HX
699-98-46,575726.9,153365.6,100-HR-3-H,HX
699-99-41,577284,153590.7,100-HR-3-H,HX
699-99-42B,577010.2,153761,100-HR-3-H,HX
699-99-44,576458.8,153592.4,100-HR-3-H,HX
AT-H-1-D,578068.7,152955,100-HR-3-H,HX
AT-H-1-M,578069.1,152954.3,100-HR-3-H,HX
AT-H-1-S,578070.2,152957.5,100-HR-3-H,HX
AT-H-2-D,578109.8,152896.4,100-HR-3-H,HX
AT-H-2-M,578110.7,152895.2,100-HR-3-H,HX
AT-H-2-S,578111.8,152893.9,100-HR-3-H,HX
AT-H-3-D,578142.2,152853.1,100-HR-3-H,HX
AT-H-3-S,578141.8,152848.9,100-HR-3-H,HX
C5632,576389.2,154227.7,100-HR-3-H,HX
C5633,576390.6,154228,100-HR-3-H,HX
C5634,576391.4,154228.9,100-HR-3-H,HX
C5635,576478.8,154181.1,100-HR-3-H,HX
C5636,576481.4,154179.4,100-HR-3-H,HX
C5637,576483.7,154178.3,100-HR-3-H,HX
C5638,576634.1,154070.4,100-HR-3-H,HX
C5641,576871.6,153916.6,100-HR-3-H,HX
C5644,576960.9,153869.3,100-HR-3-H,HX
C5673,577157.4,153736.7,100-HR-3-H,HX
C5674,577157.4,153736.7,100-HR-3-H,HX
C5676,577276.3,153656.1,100-HR-3-H,HX
C5677,577277.3,153657.2,100-HR-3-H,HX
C5678,577278.7,153653.5,100-HR-3-H,HX
C5679,577409.7,153593.4,100-HR-3-H,HX
C5680,577409.4,153593.8,100-HR-3-H,HX
C5681,577407.4,153594.6,100-HR-3-H,HX
C5682,577699.8,153338.7,100-HR-3-H,HX
C6284,576042.3,154363.6,100-HR-3-H,HX
C6285,576039.2,154364.3,100-HR-3-H,HX
C6286,576037.5,154364.5,100-HR-3-H,HX
C6287,576781.6,153965.5,100-HR-3-H,HX
C6288,576783.4,153964,100-HR-3-H,HX
C6290,577793.5,153266,100-HR-3-H,HX
C6291,577792.4,153267,100-HR-3-H,HX
C6293,578035.1,152996.7,100-HR-3-H,HX
C6296,578314.8,152574.8,100-HR-3-H,HX
C6297,578313.2,152575.1,100-HR-3-H,HX
C6299,578585.4,152323.6,100-HR-3-H,HX
C6300,578585.2,152324.6,100-HR-3-H,HX
C6301,578583.5,152323.3,100-HR-3-H,HX
C7649,578271.2,152659.9,100-HR-3-H,HX
C7650,578271.6,152659,100-HR-3-H,HX
199-D2-11,573328.2,151120.7,100-HR-3-D,DX
199-D2-6,573000.2,151119.9,100-HR-3-D,DX
199-D3-2,572453.9,151165.6,100-HR-3-D,DX
199-D3-3,572482.5,151187,100-HR-3-D,DX
199-D3-4,572468.2,151171,100-HR-3-D,DX
199-D3-5,572787.7,150994.5,100-HR-3-D,DX
199-D4-1,572752.8,151558.9,100-HR-3-D,DX
199-D4-10,572750.2,151540.4,100-HR-3-D,DX
199-D4-101,572800.1,151425.9,100-HR-3-D,DX
199-D4-11,572768.9,151554.1,100-HR-3-D,DX
199-D4-12,572771.6,151562.1,100-HR-3-D,DX
199-D4-13,572665.8,151424.5,100-HR-3-D,DX
199-D4-14,572839.8,151641.6,100-HR-3-D,DX
199-D4-15,572936.6,151424.9,100-HR-3-D,DX
199-D4-19,572559.3,151282,100-HR-3-D,DX
199-D4-2,572768.4,151544,100-HR-3-D,DX
199-D4-20,572794,151257.5,100-HR-3-D,DX
199-D4-21,572778.8,151569.8,100-HR-3-D,DX
199-D4-22,572788.4,151539.3,100-HR-3-D,DX
199-D4-23,572672.4,151592.9,100-HR-3-D,DX
199-D4-24,572699.9,151471.4,100-HR-3-D,DX
199-D4-25,572711.4,151476.2,100-HR-3-D,DX
199-D4-26,572712.3,151488.9,100-HR-3-D,DX
199-D4-27,572724.2,151493.5,100-HR-3-D,DX
199-D4-28,572725.1,151506.1,100-HR-3-D,DX
199-D4-29,572736.8,151510.7,100-HR-3-D,DX
199-D4-3,572766.1,151546.1,100-HR-3-D,DX
199-D4-30,572737.4,151523.2,100-HR-3-D,DX
199-D4-31,572749.5,151528,100-HR-3-D,DX
199-D4-32,572790.9,151573.7,100-HR-3-D,DX
199-D4-33,572792.6,151585.9,100-HR-3-D,DX
199-D4-34,572804.6,151590,100-HR-3-D,DX
199-D4-35,572806.3,151602.3,100-HR-3-D,DX
199-D4-36,572818.2,151606.2,100-HR-3-D,DX
199-D4-37,572820.3,151618.6,100-HR-3-D,DX
199-D4-38,572671.3,151537.9,100-HR-3-D,DX
199-D4-39,572747.4,151650.8,100-HR-3-D,DX
199-D4-4,572754.6,151571.6,100-HR-3-D,DX
199-D4-40,572832.3,151622.6,100-HR-3-D,DX
199-D4-41,572834.1,151634.6,100-HR-3-D,DX
199-D4-42,572847.1,151642.4,100-HR-3-D,DX
199-D4-43,572849.6,151656.2,100-HR-3-D,DX
199-D4-44,572856.1,151665.6,100-HR-3-D,DX
199-D4-45,572868,151671.8,100-HR-3-D,DX
199-D4-46,572868.8,151684.9,100-HR-3-D,DX
199-D4-47,572880.5,151690.1,100-HR-3-D,DX
199-D4-48,572881.3,151703.5,100-HR-3-D,DX
199-D4-49,572699.1,151458.7,100-HR-3-D,DX
199-D4-5,572740.5,151556.5,100-HR-3-D,DX
199-D4-50,572687.3,151454,100-HR-3-D,DX
199-D4-51,572686.6,151441.4,100-HR-3-D,DX
199-D4-52,572674.9,151436.7,100-HR-3-D,DX
199-D4-53,572674.1,151424.6,100-HR-3-D,DX
199-D4-54,572662.4,151419.7,100-HR-3-D,DX
199-D4-55,572659,151414.6,100-HR-3-D,DX
199-D4-56,572657.7,151402.3,100-HR-3-D,DX
199-D4-57,572645.9,151397.9,100-HR-3-D,DX
199-D4-58,572644.8,151385.4,100-HR-3-D,DX
199-D4-59,572633.3,151380.8,100-HR-3-D,DX
199-D4-6,572733.3,151577.9,100-HR-3-D,DX
199-D4-60,572632.4,151368.2,100-HR-3-D,DX
199-D4-61,572620.7,151363.7,100-HR-3-D,DX
199-D4-62,572619.5,151351.1,100-HR-3-D,DX
199-D4-63,572607.6,151346.8,100-HR-3-D,DX
199-D4-64,572606.9,151333.9,100-HR-3-D,DX
199-D4-65,572594.8,151329.7,100-HR-3-D,DX
199-D4-66,572594.3,151316.9,100-HR-3-D,DX
199-D4-67,572581.8,151312.8,100-HR-3-D,DX
199-D4-68,572581.3,151299.8,100-HR-3-D,DX
199-D4-69,572569,151295.7,100-HR-3-D,DX
199-D4-7,572760.9,151551.2,100-HR-3-D,DX
199-D4-70,572568.8,151282.7,100-HR-3-D,DX
199-D4-71,572556.3,151278.5,100-HR-3-D,DX
199-D4-72,572554.4,151265.8,100-HR-3-D,DX
199-D4-73,572542.2,151262.7,100-HR-3-D,DX
199-D4-74,572539.8,151249.8,100-HR-3-D,DX
199-D4-75,572527.8,151246.9,100-HR-3-D,DX
199-D4-76,572526.1,151234.2,100-HR-3-D,DX
199-D4-77,572513.3,151231,100-HR-3-D,DX
199-D4-78,572511.3,151218.3,100-HR-3-D,DX
199-D4-79,572498.2,151214,100-HR-3-D,DX
199-D4-8,572763.3,151552.6,100-HR-3-D,DX
199-D4-80,572496.9,151202.6,100-HR-3-D,DX
199-D4-81,572484.4,151199.6,100-HR-3-D,DX
199-D4-82,572470.3,151183.9,100-HR-3-D,DX
199-D4-83,572859.4,151723.4,100-HR-3-D,DX
199-D4-84,572568,151433.5,100-HR-3-D,DX
199-D4-85,572486.2,151324.2,100-HR-3-D,DX
199-D4-86,572389.1,151202.1,100-HR-3-D,DX
199-D4-9,572758.2,151543.3,100-HR-3-D,DX
199-D4-92,572714.1,151486.3,100-HR-3-D,DX
199-D4-93,572710.4,151491.2,100-HR-3-D,DX
199-D4-95,572612.8,151226.7,100-HR-3-D,DX
199-D4-96,572777,151519.8,100-HR-3-D,DX
199-D4-97,572906.2,151625.3,100-HR-3-D,DX
199-D4-98,572574.5,151481.6,100-HR-3-D,DX
199-D4-99,572527.4,151377.1,100-HR-3-D,DX
199-D5-101,572943,151521.5,100-HR-3-D,DX
199-D5-103,573505.9,151460.9,100-HR-3-D,DX
199-D5-104,573265.5,151422.4,100-HR-3-D,DX
199-D5-106,573503.7,151598,100-HR-3-D,DX
199-D5-107,572932.4,151283.1,100-HR-3-D,DX
199-D5-108,572923.3,151222.9,100-HR-3-D,DX
199-D5-109,572917.4,151285.6,100-HR-3-D,DX
199-D5-110,572931.6,151277.6,100-HR-3-D,DX
199-D5-114,572918,151223.8,100-HR-3-D,DX
199-D5-115,572923.2,151221.1,100-HR-3-D,DX
199-D5-123,573824.2,151639.4,100-HR-3-D,DX
199-D5-125,573667.4,151746.2,100-HR-3-D,DX
199-D5-126,573705.7,151843.3,100-HR-3-D,DX
199-D5-127,572992.3,151428.3,100-HR-3-D,DX
199-D5-13,573535.5,151955.2,100-HR-3-D,DX
199-D5-130,574039.2,151928.5,100-HR-3-D,DX
199-D5-131,573684.4,152006.8,100-HR-3-D,DX
199-D5-132,573875.3,151586.9,100-HR-3-D,DX
199-D5-133,573731.6,151497.4,100-HR-3-D,DX
199-D5-134,573675.3,151862.5,100-HR-3-D,DX
199-D5-14,573789.6,151788,100-HR-3-D,DX
199-D5-141,573243.4,151424.5,100-HR-3-D,DX
199-D5-142,573791.9,151563.3,100-HR-3-D,DX
199-D5-143,573701.5,151784.3,100-HR-3-D,DX
199-D5-145,573215.6,151396.3,100-HR-3-D,DX
199-D5-146,573219.8,151345.6,100-HR-3-D,DX
199-D5-147,572993.1,151380.8,100-HR-3-D,DX
199-D5-148,573361.5,151083.5,100-HR-3-D,DX
199-D5-15,573738.6,151673.8,100-HR-3-D,DX
199-D5-153,573329.8,151992.8,100-HR-3-D,DX
199-D5-154,573632.3,151831.7,100-HR-3-D,DX
199-D5-159,573474.2,151910.8,100-HR-3-D,DX
199-D5-16,573917.4,151652.5,100-HR-3-D,DX
199-D5-17,573730.5,151322.8,100-HR-3-D,DX
199-D5-18,573861.7,151325.2,100-HR-3-D,DX
199-D5-19,573849.1,151243.2,100-HR-3-D,DX
199-D5-20,573240,152030.1,100-HR-3-D,DX
199-D5-32,573372,151903.4,100-HR-3-D,DX
199-D5-33,573095,151714.5,100-HR-3-D,DX
199-D5-34,573240.4,151554.1,100-HR-3-D,DX
199-D5-36,572909.8,151746.3,100-HR-3-D,DX
199-D5-37,573092.2,151916.4,100-HR-3-D,DX
199-D5-38,572996.8,151545.6,100-HR-3-D,DX
199-D5-39,573142.8,151428.4,100-HR-3-D,DX
199-D5-40,573003.2,151272,100-HR-3-D,DX
199-D5-41,573358.2,151792.2,100-HR-3-D,DX
199-D5-42,573479.8,151622.7,100-HR-3-D,DX
199-D5-43,573180,151269.4,100-HR-3-D,DX
199-D5-44,572993.6,151835.7,100-HR-3-D,DX
199-D5-92,573131.9,152009.8,100-HR-3-D,DX
199-D5-97,573250.1,151302.5,100-HR-3-D,DX
199-D6-3,574159.1,151643.9,100-HR-3-D,DX
199-D7-3,574151.4,152363.4,100-HR-3-D,DX
199-D7-6,574429.2,152980.4,100-HR-3-D,DX
199-D8-101,574069.5,152262.4,100-HR-3-D,DX
199-D8-4,573447.2,152090.2,100-HR-3-D,DX
199-D8-5,573537.1,152243.5,100-HR-3-D,DX
199-D8-53,573889.9,152452.3,100-HR-3-D,DX
199-D8-54A,573781.2,152408,100-HR-3-D,DX
199-D8-54B,573768.2,152398.6,100-HR-3-D,DX
199-D8-55,573620.9,152364.3,100-HR-3-D,DX
199-D8-6,573434.7,152060.8,100-HR-3-D,DX
199-D8-68,573711.7,152427.1,100-HR-3-D,DX
199-D8-69,573843.6,152552.2,100-HR-3-D,DX
199-D8-70,573942.1,152508.7,100-HR-3-D,DX
199-D8-71,573837.1,152429.4,100-HR-3-D,DX
199-D8-72,573570.5,152211.8,100-HR-3-D,DX
199-D8-73,573388.7,152167.4,100-HR-3-D,DX
199-D8-88,573292.3,152141.3,100-HR-3-D,DX
199-D8-89,573478.6,152249.6,100-HR-3-D,DX
199-D8-90,573948.6,152646.2,100-HR-3-D,DX
199-D8-91,574036.9,152741.4,100-HR-3-D,DX
199-D8-95,573612,152160.6,100-HR-3-D,DX
199-D8-96,573706,152152.2,100-HR-3-D,DX
199-D8-97,573859.6,152087.4,100-HR-3-D,DX
199-D8-98,574013.1,152123,100-HR-3-D,DX
199-H1-5,574850.7,153090.3,100-HR-3-D,DX
199-H4-80,575239,152568.2,100-HR-3-D,DX
199-H4-81,575236.9,153035.4,100-HR-3-D,DX
199-H4-82,574907,152677.7,100-HR-3-D,DX
35-S,572918,151930,100-HR-3-D,DX
36-D,573120.7,152146.4,100-HR-3-D,DX
36-M,573120.7,152146.4,100-HR-3-D,DX
36-S,573120.7,152146.4,100-HR-3-D,DX
37-S,573336,152287.3,100-HR-3-D,DX
38-D,573471.8,152368.7,100-HR-3-D,DX
38-M,573471.8,152368.7,100-HR-3-D,DX
699-93-48A,575094.1,151795.3,100-HR-3-D,DX
699-95-48,575253.4,152323,100-HR-3-D,DX
699-95-51,574439.5,152528.6,100-HR-3-D,DX
699-96-52B,573910.2,152656.2,100-HR-3-D,DX
699-97-48B,575247.6,152909.8,100-HR-3-D,DX
699-97-48C,575245.4,152909.7,100-HR-3-D,DX
699-97-51A,574468.1,153122.1,100-HR-3-D,DX
699-97-61,574891.5,152914.1,100-HR-3-D,DX
699-98-49A,574823.4,153310.1,100-HR-3-D,DX
699-98-51,574339.3,153302.7,100-HR-3-D,DX
AT-D-1-D,572860.7,151852.1,100-HR-3-D,DX
AT-D-1-M,572861.5,151850.4,100-HR-3-D,DX
AT-D-1-S,572861.1,151851,100-HR-3-D,DX
AT-D-2-M,573105.8,152130.3,100-HR-3-D,DX
AT-D-2-S,573108.2,152129.8,100-HR-3-D,DX
AT-D-3-D,573233.2,152224.3,100-HR-3-D,DX
AT-D-3-M,573234.7,152225,100-HR-3-D,DX
AT-D-3-S,573233.7,152224.6,100-HR-3-D,DX
AT-D-4-D,572992.2,152039.6,100-HR-3-D,DX
AT-D-4-M,572993.1,152040.5,100-HR-3-D,DX
AT-D-4-S,572993.2,152039.9,100-HR-3-D,DX
AT-D-5-D,573934.8,152850.6,100-HR-3-D,DX
AT-D-5-M,573934.7,152848.2,100-HR-3-D,DX
C6266,572269.9,151241.6,100-HR-3-D,DX
C6267,572270.4,151242.2,100-HR-3-D,DX
C6268,572274.2,151246.2,100-HR-3-D,DX
C6269,572335.8,151323.2,100-HR-3-D,DX
C6270,572337.1,151324.5,100-HR-3-D,DX
C6271,572332.3,151317.6,100-HR-3-D,DX
C6272,572920.4,151926.9,100-HR-3-D,DX
C6275,573337.5,152284.9,100-HR-3-D,DX
C6278,573534,152428.2,100-HR-3-D,DX
C6281,574056.8,153353.3,100-HR-3-D,DX
C6282,574057.5,153353.6,100-HR-3-D,DX
C6334,572046.3,150950,100-HR-3-D,DX
C7645,572077,151003.1,100-HR-3-D,DX
C7646,572077.5,151003.8,100-HR-3-D,DX
C7647,572076.6,151002.5,100-HR-3-D,DX
C7648,572077.3,151003.5,100-HR-3-D,DX
DD-06-2,573964.6,153015.4,100-HR-3-D,DX
DD-06-3,573964.6,153015.4,100-HR-3-D,DX
DD-08-2,573940.1,152903.5,100-HR-3-D,DX
DD-08-3,573940.1,152903.5,100-HR-3-D,DX
DD-08-4,573940.1,152903.5,100-HR-3-D,DX
DD-10-2,573899.1,152788.1,100-HR-3-D,DX
DD-10-3,573899.1,152788.1,100-HR-3-D,DX
DD-10-4,573899.1,152788.1,100-HR-3-D,DX
DD-12-2,573818.7,152683.7,100-HR-3-D,DX
DD-12-4,573819.7,152683.6,100-HR-3-D,DX
DD-15-2,573700.6,152547.8,100-HR-3-D,DX
DD-15-3,573700.6,152547.3,100-HR-3-D,DX
DD-15-4,573701.3,152548.2,100-HR-3-D,DX
DD-16-3,573650.4,152516.1,100-HR-3-D,DX
DD-16-4,573651.2,152517,100-HR-3-D,DX
DD-17-2,573598,152482.8,100-HR-3-D,DX
DD-17-3,573597.2,152483.3,100-HR-3-D,DX
DD-39-1,572606.5,151625.9,100-HR-3-D,DX
DD-39-2,572606.9,151626.2,100-HR-3-D,DX
DD-41-1,572532.9,151530.9,100-HR-3-D,DX
DD-41-2,572532.2,151530,100-HR-3-D,DX
DD-41-3,572532.7,151530.7,100-HR-3-D,DX
DD-42-2,572485.3,151492.5,100-HR-3-D,DX
DD-42-3,572485.8,151492.6,100-HR-3-D,DX
DD-42-4,572486.2,151492.5,100-HR-3-D,DX
DD-43-2,572450.5,151443.2,100-HR-3-D,DX
DD-43-3,572450.9,151443.2,100-HR-3-D,DX
DD-44-3,572412.7,151394.3,100-HR-3-D,DX
DD-44-4,572411.4,151396.9,100-HR-3-D,DX
DD-49-1,572213.7,151161.5,100-HR-3-D,DX
DD-49-2,572214,151162.8,100-HR-3-D,DX
DD-49-3,572210.8,151163.3,100-HR-3-D,DX
DD-49-4,572211.2,151164,100-HR-3-D,DX
DD-50-1,572172.2,151121.2,100-HR-3-D,DX
DD-50-2,572172.6,151121.6,100-HR-3-D,DX
DD-50-3,572172.2,151120,100-HR-3-D,DX
DD-50-4,572173,151121.2,100-HR-3-D,DX
Redox-1-3.3,572716.3,151730.8,100-HR-3-D,DX
Redox-1-6.0,572716.3,151730.8,100-HR-3-D,DX
Redox-2-6.0,572636.7,151687.8,100-HR-3-D,DX
Redox-3-3.3,572583.2,151603,100-HR-3-D,DX
Redox-3-4.6,572583.2,151603,100-HR-3-D,DX
Redox-4-3.0,572529.7,151540,100-HR-3-D,DX
Redox-4-6.0,572529.7,151540,100-HR-3-D,DX
