"NAME","TOP","BOT"
"199-B2-12",155.098,152.05
"199-B2-13",123.30388,116.8726
"199-B2-14",121.526928,113.906928
"199-B2-15",85.951152,82.887912
"199-B2-16",99.212112,88.541064
"199-B3-46",121.19888,114.7676
"199-B3-47",122.23812,115.80684
"199-B3-50",121.933888,115.837888
"199-B3-51",91.709376,88.65528
"199-B3-52",121.704,117.135048
"199-B4-14",122.82428,116.725232
"199-B4-15",122.884424,119.242064
"199-B4-16",122.9898,116.8938
"199-B4-18",95.62136,88.00136
"199-B4-19",93.633656,90.582608
"199-B4-20",107.668752,104.620752
"199-B4-5",123.76104,117.46692
"199-B4-6",123.725136,117.702288
"199-B4-7",123.945824,117.651704
"199-B4-8",127.78644,118.30716
"199-B5-10",122.552,116.456
"199-B5-11",92.1714,86.04492
"199-B5-12",122.8232,116.7272
"199-B5-13",95.30948,87.68948
"199-B5-14",122.358112,116.277352
"199-B5-2",123.3398,117.2438
"199-B5-5",99.102128,79.28708
"199-B5-6",94.70648,87.056
"199-B5-8",123.1452,117.046152
"199-B5-9",96.21276,88.59276
"199-B8-6",124.08324,117.98724
"199-B8-7",122.6004,116.5044
"199-B8-8",122.203976,116.08664
"199-B8-9",123.527568,117.431568
"199-B9-2",124.17808,118.08208
"199-B9-3",123.19536,118.31856
"199-D1-1",119.833552,110.695648
"199-D11-1",109.613176,108.058696
"199-D11-2",104.21664,99.601968
"199-D11-3",115.615952,114.061472
"199-D2-10",117.288624,112.716624
"199-D2-11",119.045664,109.89252
"199-D2-12",116.962168,112.390168
"199-D2-14",118.962296,111.333152
"199-D2-6",119.76844,113.33716
"199-D2-8",120.10492,114.015016
"199-D3-2",117.82092,111.72492
"199-D3-3",118.196208,109.134504
"199-D3-4",118.16696,109.035152
"199-D3-5",121.55876,112.41476
"199-D3-7",121.407896,112.2578
"199-D4-1",120.49368,114.391584
"199-D4-10",118.722768,114.16296
"199-D4-101",118.85524,112.756192
"199-D4-102",114.170808,112.646808
"199-D4-103",119.297096,113.195
"199-D4-11",118.928992,114.36004
"199-D4-12",118.669944,114.10404
"199-D4-13",121.05736,114.96136
"199-D4-14",120.277816,114.169624
"199-D4-15",119.993328,113.897328
"199-D4-16",115.057216,114.301312
"199-D4-17",114.830528,114.071576
"199-D4-18",114.779952,114.021
"199-D4-19",119.669736,110.525736
"199-D4-2",115.20648,113.688576
"199-D4-20",118.92816,112.823016
"199-D4-21",118.622872,114.056968
"199-D4-22",119.9548,113.8588
"199-D4-23",120.79436,114.69836
"199-D4-24",118.802808,114.22776
"199-D4-25",117.929184,113.344992
"199-D4-26",117.527664,112.943472
"199-D4-27",117.88764,113.309544
"199-D4-28",118.417624,113.839528
"199-D4-29",118.648808,114.07376
"199-D4-3",115.1662,113.648296
"199-D4-30",119.179968,114.598824
"199-D4-31",119.144432,114.569384
"199-D4-32",118.694496,114.1164
"199-D4-33",118.17176,113.59976
"199-D4-34",118.219688,113.641592
"199-D4-35",118.729568,114.148424
"199-D4-36",118.733664,114.158616
"199-D4-37",118.486824,113.90568
"199-D4-38",119.860656,113.764656
"199-D4-39",120.568792,114.466696
"199-D4-4",119.753232,113.66028
"199-D4-40",118.66484,114.0014
"199-D4-41",118.42244,113.85044
"199-D4-42",119.84428,113.74828
"199-D4-43",118.2388,113.743
"199-D4-44",117.56916,112.99716
"199-D4-45",119.295384,113.29692
"199-D4-46",117.506792,112.934792
"199-D4-47",117.8626,113.2906
"199-D4-48",119.0732,112.9772
"199-D4-49",118.2464,113.6744
"199-D4-5",116.535368,113.37764
"199-D4-50",117.928232,113.462912
"199-D4-51",118.225504,113.653504
"199-D4-52",118.293224,113.763896
"199-D4-53",118.141352,113.630312
"199-D4-54",118.11644,113.6054
"199-D4-55",117.85712,113.288168
"199-D4-56",118.221176,113.636984
"199-D4-57",118.12468,113.5984
"199-D4-58",118.052744,113.538656
"199-D4-59",117.486784,112.92088
"199-D4-6",120.182256,114.092352
"199-D4-60",117.211992,112.700952
"199-D4-61",116.834384,112.305056
"199-D4-62",117.70872,110.143584
"199-D4-63",117.386,109.866584
"199-D4-64",117.541112,109.945496
"199-D4-65",117.436336,109.868152
"199-D4-66",117.694368,110.129232
"199-D4-67",117.45844,109.92988
"199-D4-68",118.524504,109.392696
"199-D4-69",117.736832,110.129024
"199-D4-7",118.982096,114.41924
"199-D4-70",118.177024,110.557024
"199-D4-71",118.923976,109.862272
"199-D4-72",118.638384,109.57668
"199-D4-73",118.6116,109.55904
"199-D4-74",118.230488,109.177928
"199-D4-75",118.139408,109.11428
"199-D4-76",118.242576,109.18392
"199-D4-77",118.57548,109.489392
"199-D4-78",118.310488,109.25488
"199-D4-79",118.837616,109.77896
"199-D4-8",117.183064,114.083248
"199-D4-80",118.732056,109.670352
"199-D4-81",118.564,109.4962
"199-D4-82",118.2354,109.176744
"199-D4-83",119.4184,114.8464
"199-D4-84",120.478488,112.864584
"199-D4-85",119.5336,110.3896
"199-D4-86",119.201456,110.078792
"199-D4-87",116.822768,116.243648
"199-D4-88",118.469408,117.890288
"199-D4-89",115.12164,114.444984
"199-D4-9",115.787048,114.135032
"199-D4-90",115.397208,113.8854
"199-D4-91",119.975304,113.8854
"199-D4-92",118.222552,112.1296
"199-D4-93",118.282584,112.17744
"199-D4-94",121.050072,113.442264
"199-D4-95",119.243032,108.565888
"199-D4-96",117.3816,114.3336
"199-D4-97",117.01712,112.44512
"199-D4-98",118.65904,112.56304
"199-D4-99",119.47132,110.321224
"199-D5-101",120.590096,111.443048
"199-D5-102",120.00312,110.85912
"199-D5-103",119.13056,110.04752
"199-D5-104",119.664,110.52
"199-D5-106",122.897784,112.232832
"199-D5-107",119.00496,112.90896
"199-D5-108",118.84076,112.74476
"199-D5-109",118.75408,112.65808
"199-D5-110",119.5796,113.4836
"199-D5-111",119.676232,113.580232
"199-D5-112",118.744416,117.220416
"199-D5-113",114.97604,113.45204
"199-D5-114",118.99964,112.8122
"199-D5-115",118.99816,112.90216
"199-D5-116",119.027064,112.931064
"199-D5-117",118.72784,117.20384
"199-D5-118",114.44164,112.94812
"199-D5-119",119.491936,110.302216
"199-D5-120",119.815448,110.634872
"199-D5-121",120.3004,111.1564
"199-D5-122",119.981896,110.78608
"199-D5-123",120.162952,107.891704
"199-D5-125",119.905704,111.325584
"199-D5-126",119.243,110.099
"199-D5-127",119.631928,113.538976
"199-D5-128",119.398984,113.302984
"199-D5-129",119.560552,111.934456
"199-D5-13",120.39176,114.0824
"199-D5-130",118.312608,113.734512
"199-D5-131",119.008336,111.388336
"199-D5-132",119.722968,112.102968
"199-D5-133",120.582048,111.444144
"199-D5-134",103.47288,100.3944
"199-D5-14",120.37892,113.94764
"199-D5-140",119.168808,111.542712
"199-D5-141",95.137152,92.0922
"199-D5-142",119.700544,116.6434
"199-D5-143",119.35548,111.73548
"199-D5-144",121.3672,110.6992
"199-D5-145",121.86716,109.67516
"199-D5-146",120.737088,110.059944
"199-D5-147",121.589504,112.445504
"199-D5-148",122.620688,110.42564
"199-D5-149",113.962256,110.917304
"199-D5-15",120.34992,113.91864
"199-D5-150",120.70296,111.555912
"199-D5-151",121.031912,111.878768
"199-D5-152",120.414104,111.254864
"199-D5-153",119.242144,111.613
"199-D5-154",120.687144,111.537048
"199-D5-155",111.571664,111.522896
"199-D5-156",111.534944,111.486176
"199-D5-157",111.66292,111.614152
"199-D5-158",113.23136,113.167352
"199-D5-159",120.844336,113.224336
"199-D5-16",120.80948,114.46964
"199-D5-160",120.816,111.672
"199-D5-162",120.894392,111.689432
"199-D5-163",119.2004,111.501152
"199-D5-17",120.28504,113.92996
"199-D5-18",121.77312,114.0312
"199-D5-19",119.13896,112.982
"199-D5-20",119.74224,113.34144
"199-D5-32",119.456088,111.8178
"199-D5-33",120.0918,112.57848
"199-D5-34",120.323976,112.688736
"199-D5-36",120.294624,114.198624
"199-D5-37",119.358656,114.783608
"199-D5-38",119.005024,112.905976
"199-D5-39",119.586904,113.475664
"199-D5-40",118.820856,112.721808
"199-D5-41",118.5928,112.4968
"199-D5-42",118.559792,112.454648
"199-D5-43",119.85224,112.223096
"199-D5-44",119.09696,114.52496
"199-D5-92",119.410784,113.003888
"199-D5-93",118.6164,112.5204
"199-D5-97",119.34,110.196
"199-D5-98",118.82884,109.68484
"199-D5-99",119.823408,110.639784
"199-D6-1",119.836,113.74
"199-D6-2",119.3984,111.769256
"199-D6-3",120.73172,113.11172
"199-D7-3",120.973056,110.302008
"199-D7-4",118.516,112.42
"199-D7-5",121.317832,115.218784
"199-D7-6",120.313984,114.1936
"199-D7-7",105.445952,100.877
"199-D8-101",118.170296,115.122296
"199-D8-102",117.8932,110.2732
"199-D8-4",120.6628,114.5668
"199-D8-5",118.9686,112.8726
"199-D8-53",119.177,112.9286
"199-D8-54A",119.1748,112.74352
"199-D8-54B",95.27148,92.0406
"199-D8-55",120.78972,114.44988
"199-D8-6",118.746,112.55856
"199-D8-68",120.1936,112.5736
"199-D8-69",119.218872,113.12592
"199-D8-70",119.4512,110.3072
"199-D8-71",119.6962,110.5522
"199-D8-72",118.658144,112.714544
"199-D8-73",120.063808,114.876112
"199-D8-88",118.408736,111.992696
"199-D8-89",117.65616,114.605112
"199-D8-90",118.517832,110.894784
"199-D8-91",117.516032,111.42308
"199-D8-93",117.33876,115.811712
"199-D8-94",117.243048,112.664952
"199-D8-95",118.954144,112.861192
"199-D8-96",119.120664,113.024664
"199-D8-97",120.773824,111.617632
"199-D8-98",120.373984,112.74484
"199-D8-99",119.798288,112.172192
"199-F1-2",115.43196,110.85996
"199-F5-42",114.72904,108.63304
"199-F5-43A",114.48252,108.38652
"199-F5-43B",76.28996,73.24196
"199-F5-44",114.40804,108.31204
"199-F5-45",115.2488,110.58536
"199-F5-46",114.75516,110.427
"199-F5-47",115.76792,109.67192
"199-F5-48",115.7096,111.04616
"199-F5-52",115.454432,109.358432
"199-F5-53",96.130712,93.082712
"199-F5-54",115.004024,108.908024
"199-F5-55",114.71044,111.66244
"199-F5-56",115.28208,112.23408
"199-F5-57",115.573968,109.468824
"199-F5-58",115.273256,109.165064
"199-F6-1",114.69884,108.60284
"199-F7-2",116.062,111.3376
"199-F7-3",115.28092,110.70892
"199-F8-3",115.5522,112.5042
"199-F8-4",114.33624,111.28824
"199-F8-7",116.4624,113.4144
"199-H1-1",118.0326,113.4606
"199-H1-12",118.464232,113.748976
"199-H1-2",117.33808,114.29008
"199-H1-20",117.633184,111.531088
"199-H1-21",116.17092,111.595872
"199-H1-25",119.432512,113.33956
"199-H1-27",119.23684,113.14084
"199-H1-3",118.8084,115.7604
"199-H1-32",120.599,114.503
"199-H1-33",119.0766,114.5046
"199-H1-34",118.46952,113.89752
"199-H1-35",117.7986,113.2266
"199-H1-36",118.4456,113.8736
"199-H1-37",118.277648,113.696504
"199-H1-38",118.156704,113.581656
"199-H1-39",118.5566,113.9846
"199-H1-4",118.365144,115.317144
"199-H1-40",118.9406,114.3686
"199-H1-42",116.043976,112.992928
"199-H1-43",115.5944,112.5464
"199-H1-45",116.050472,111.472376
"199-H1-46",113.483176,111.946984
"199-H1-47",118.93516,112.83916
"199-H1-48",119.171328,113.075328
"199-H1-49",119.125384,111.505384
"199-H1-5",119.091816,111.46572
"199-H1-50",105.638152,99.542152
"199-H1-51",117.342856,114.304
"199-H1-6",117.552872,114.504872
"199-H1-7",118.2508,115.2028
"199-H2-1",103.851992,100.803992
"199-H3-10",96.894272,93.846272
"199-H3-11",117.38916,114.32592
"199-H3-12",102.678856,98.106856
"199-H3-13",100.260312,95.688312
"199-H3-15",102.659624,98.026664
"199-H3-21",111.93164,110.40764
"199-H3-22",105.259,96.115
"199-H3-25",117.51924,111.420192
"199-H3-26",116.647192,112.069096
"199-H3-27",117.450256,111.357304
"199-H3-28",101.328424,95.232424
"199-H3-29",103.466,100.418
"199-H3-2A",115.5092,112.4612
"199-H3-2B",NA,NA
"199-H3-2C",NA,NA
"199-H3-3",119.2138,113.1178
"199-H3-30",107.827496,101.728448
"199-H3-31",106.901552,103.853552
"199-H3-32",101.899248,98.8482
"199-H3-33",105.690048,102.639
"199-H3-34",111.512336,108.464336
"199-H3-35",104.888528,97.253288
"199-H3-36",105.342992,97.713848
"199-H3-37",107.939384,101.83424
"199-H3-38",107.971944,101.8668
"199-H3-39",108.729008,102.587288
"199-H3-4",120.0602,112.4402
"199-H3-5",118.3662,112.2702
"199-H3-6",118.0174,111.9214
"199-H3-7",117.708056,113.136056
"199-H3-9",102.546928,99.498928
"199-H4-10",NA,NA
"199-H4-11",114.5736,111.5256
"199-H4-12A",115.04,111.8396
"199-H4-12B",NA,NA
"199-H4-12C",NA,NA
"199-H4-13",NA,NA
"199-H4-14",NA,NA
"199-H4-15A",NA,NA
"199-H4-15B",NA,NA
"199-H4-15C",NA,NA
"199-H4-16",NA,NA
"199-H4-17",NA,NA
"199-H4-18",116.909,113.861
"199-H4-2",NA,NA
"199-H4-4",NA,NA
"199-H4-45",117.3744,111.03456
"199-H4-46",117.58424,111.2444
"199-H4-47",117.72776,111.38792
"199-H4-49",118.0326,113.24724
"199-H4-5",NA,NA
"199-H4-6",NA,NA
"199-H4-63",116.522616,110.43576
"199-H4-64",118.64436,112.54836
"199-H4-65",116.936896,113.888896
"199-H4-69",115.4404,112.389352
"199-H4-7",115.6486,112.6006
"199-H4-70",115.888,112.84
"199-H4-71",116.052808,111.471664
"199-H4-72",116.205096,111.627
"199-H4-73",116.1294,110.027304
"199-H4-74",118.3446,113.7726
"199-H4-75",118.0264,113.4544
"199-H4-76",118.3774,115.3294
"199-H4-77",117.951424,114.906472
"199-H4-78",117.9606,111.8646
"199-H4-79",119.387368,113.294416
"199-H4-8",NA,NA
"199-H4-80",119.83324,109.16524
"199-H4-81",119.150248,113.0512
"199-H4-82",119.647232,113.575616
"199-H4-83",116.77312,113.72512
"199-H4-84",117.18028,114.13228
"199-H4-85",119.680528,113.584528
"199-H4-86",118.420808,110.794712
"199-H4-87",117.95716,111.852016
"199-H4-88",119.3346,114.7626
"199-H4-89",118.621184,114.064424
"199-H4-9",NA,NA
"199-H4-90",107.069656,102.49156
"199-H4-91",106.82204,102.25004
"199-H4-92",112.104344,110.5712
"199-H4-93",113.88488,112.36088
"199-H4-94",103.594392,95.882952
"199-H4-95",108.382248,102.2832
"199-H5-10",NA,NA
"199-H5-11",NA,NA
"199-H5-12",NA,NA
"199-H5-13",NA,NA
"199-H5-14",NA,NA
"199-H5-16",112.62436,110.880904
"199-H5-1A",117.56496,112.65768
"199-H5-2",NA,NA
"199-H5-6",NA,NA
"199-H5-7",NA,NA
"199-H5-8",NA,NA
"199-H5-9",NA,NA
"199-H6-1",117.21928,110.87944
"199-H6-2",116.888912,113.840912
"199-H6-3",117.1234,109.5034
"199-H6-4",117.73288,110.11288
"199-H6-7",121.4046,115.3086
"199-H6-8",109.040928,107.51388
"199-H6-9",106.327096,103.273
"199-H7-1",108.146328,103.57128
"199-K-106A",121.194712,114.87316
"199-K-107A",120.797176,114.484768
"199-K-108A",121.63612,115.43344
"199-K-109A",121.59292,115.5274
"199-K-110A",122.04048,115.71588
"199-K-111A",121.263632,115.15544
"199-K-112A",120.17564,112.534304
"199-K-113A",119.847096,113.735856
"199-K-114A",119.317056,114.729816
"199-K-115A",120.218872,111.056584
"199-K-116A",120.532824,103.69872
"199-K-117A",118.5436,106.379032
"199-K-118A",120.365264,108.084872
"199-K-119A",121.47328,106.23328
"199-K-120A",119.4178,96.5578
"199-K-121A",123.73908,114.57984
"199-K-122A",122.619,113.475
"199-K-123A",124.562144,115.396808
"199-K-124A",118.05488,115.00688
"199-K-125A",120.4204,108.2284
"199-K-126",120.102832,114.006832
"199-K-127",116.908664,101.665616
"199-K-128",126.735416,116.058272
"199-K-129",120.0388,112.4188
"199-K-130",119.66568,110.4912
"199-K-131",118.615216,109.46512
"199-K-132",120.708904,113.091952
"199-K-133",120.30612,110.97924
"199-K-134",120.497256,111.365448
"199-K-135",120.44564,111.277256
"199-K-136",120.240992,111.0848
"199-K-137",128.162,112.922
"199-K-138",119.48392,108.81592
"199-K-139",123.42172,112.75372
"199-K-140",123.3556,112.6876
"199-K-141",119.3216,108.6536
"199-K-142",119.8454,111.311
"199-K-143",119.52864,108.87588
"199-K-144",120.51736,97.65736
"199-K-145",120.0216,89.5416
"199-K-146",119.8846,112.2646
"199-K-147",117.3876,111.2916
"199-K-148",119.827,107.635
"199-K-149",120.165,107.973
"199-K-150",120.4864,105.2464
"199-K-151",126.2494,104.9134
"199-K-152",128.2064,105.3464
"199-K-153",128.267,106.931
"199-K-154",124.3964,106.1084
"199-K-156",130.1168,90.4928
"199-K-157",127.13268,96.65268
"199-K-158",126.57392,112.85792
"199-K-159",126.9054,105.5694
"199-K-160",126.1176,104.7816
"199-K-161",119.3192,111.6992
"199-K-162",120.11648,86.58848
"199-K-163",126.75884,105.42284
"199-K-164",127.90236,106.56636
"199-K-165",128.3902,94.8622
"199-K-166",124.4252,93.9452
"199-K-168",111.912832,93.68884
"199-K-169",132.1094,101.6294
"199-K-170",135.0216,98.4456
"199-K-171",135.6876,99.1116
"199-K-172",134.5034,104.0234
"199-K-173",126.4236,108.1356
"199-K-174",127.42912,109.14112
"199-K-175",126.894184,108.606184
"199-K-178",124.216616,105.913376
"199-K-179",127.035824,96.552776
"199-K-180",127.6632,100.237296
"199-K-181",124.9994,106.7114
"199-K-182",125.879072,106.048784
"199-K-183",126.0034,107.7154
"199-K-184",106.93656,93.22056
"199-K-185",122.8832,93.9272
"199-K-186",123.557216,105.26312
"199-K-187",101.36744,95.27144
"199-K-188",122.42756,111.75956
"199-K-189",122.7178,95.2858
"199-K-19",NA,NA
"199-K-190",106.911488,94.710344
"199-K-191",127.91796,112.674912
"199-K-192",80.65404,77.60604
"199-K-193",104.85576,95.71176
"199-K-194",124.28956,113.62156
"199-K-195",123.025544,109.303448
"199-K-196",122.975008,94.025104
"199-K-197",103.640408,94.496408
"199-K-198",119.385384,107.190336
"199-K-199",105.4368,96.2928
"199-K-200",121.519296,118.468248
"199-K-201",119.164512,116.113464
"199-K-202",122.72332,95.29132
"199-K-203",122.228384,94.768952
"199-K-204",103.702392,94.558392
"199-K-205",123.616472,93.133424
"199-K-206",110.5068,95.263752
"199-K-207",121.82576,95.91776
"199-K-208",121.793456,94.23344
"199-K-209",123.372736,105.10912
"199-K-210",120.7342,90.232864
"199-K-212",119.869976,106.141784
"199-K-22",NA,NA
"199-K-220",128.95432,99.986128
"199-K-221",120.69564,108.4884
"199-K-222",122.622008,108.909056
"199-K-223",122.813544,92.33964
"199-K-224",122.0944,91.611352
"199-K-225",126.847776,99.397488
"199-K-226",122.261104,91.765864
"199-K-227",123.872776,91.859632
"199-K-228",121.703152,94.271152
"199-K-229",122.777616,89.155128
"199-K-230",114.955552,93.610408
"199-K-231",122.908984,94.056616
"199-K-232",120.823408,94.909312
"199-K-233",123.61904,109.8878
"199-K-234",123.58368,96.139488
"199-K-235",123.66472,111.47272
"199-K-236",123.50204,111.31004
"199-K-238",122.81864,92.195384
"199-K-239",122.597392,96.668056
"199-K-240",123.168624,95.709192
"199-K-242",122.544656,93.603896
"199-K-243",122.349192,94.911096
"199-K-244",121.071584,99.738632
"199-K-30",NA,NA
"199-K-31",NA,NA
"199-K-32A",121.84444,115.74844
"199-K-32B",87.833,84.785
"199-K-34",122.35788,116.26188
"199-K-36",123.4758,117.3798
"199-K-37",121.56316,115.46716
"199-N-103A",119.8984,110.7544
"199-N-104A",122.1376,114.5176
"199-N-105A",118.5928,110.9728
"199-N-106A",119.7838,109.1158
"199-N-112AO",NA,NA
"199-N-119",117.759,115.65588
"199-N-120",114.8884,113.39488
"199-N-121",111.4052,109.91168
"199-N-122",120.178112,114.124784
"199-N-123",120.052048,113.971288
"199-N-126",116.31496,114.73
"199-N-127",119.22304,117.69904
"199-N-128",116.53232,115.00832
"199-N-129",119.43092,117.90692
"199-N-130",116.515,114.991
"199-N-131",119.549,118.025
"199-N-132",116.21344,114.68944
"199-N-133",119.14404,117.62004
"199-N-136",119.9234,114.7418
"199-N-137",119.8674,114.6858
"199-N-138",120.74256,115.56096
"199-N-139",120.6474,115.4658
"199-N-14",120.406,114.31
"199-N-140",120.3274,115.1458
"199-N-141",120.1264,114.9448
"199-N-142",120.0624,114.8808
"199-N-143",120.1254,114.9438
"199-N-144",120.1134,114.9318
"199-N-145",119.9504,114.7688
"199-N-146",120.2774,115.0958
"199-N-147",120.0874,114.9058
"199-N-148",116.11744,114.59344
"199-N-149",118.7732,117.2492
"199-N-150",118.7512,117.2272
"199-N-151",116.007,114.483
"199-N-152",113.49964,111.97564
"199-N-153",118.61268,117.08868
"199-N-154",116.05532,114.42464
"199-N-155",118.6812,117.1572
"199-N-156",116.1548,114.6308
"199-N-159",116.83092,114.69732
"199-N-16",NA,NA
"199-N-160",116.75724,114.62364
"199-N-161",116.80924,114.67564
"199-N-162",116.99944,114.86584
"199-N-163",116.93172,114.79812
"199-N-164",116.954728,114.821128
"199-N-165",120.034128,115.462128
"199-N-166",137.518256,131.419208
"199-N-167",124.488032,116.883272
"199-N-168",137.8522,131.7562
"199-N-169",124.362344,116.76368
"199-N-170",124.067624,116.456768
"199-N-171",124.225008,116.638536
"199-N-172",123.101584,117.014728
"199-N-173",120.09252,115.52052
"199-N-174",117.877048,117.285736
"199-N-175",117.797136,117.202776
"199-N-176",NA,NA
"199-N-177",117.68552,117.085064
"199-N-178",117.962248,117.203296
"199-N-179",117.809568,117.209112
"199-N-18",NA,NA
"199-N-180",NA,NA
"199-N-181",117.732568,117.129064
"199-N-182",114.79688,108.70088
"199-N-183",119.9708,113.8748
"199-N-184",121.69136,115.56488
"199-N-185",110.9478,109.4238
"199-N-186",120.45424,114.35824
"199-N-187",119.394888,113.298888
"199-N-188",120.78216,114.68616
"199-N-189",124.70992,110.99392
"199-N-200",120.306,118.782
"199-N-201",118.121568,115.987968
"199-N-202",120.57992,119.05592
"199-N-203",118.34488,116.21128
"199-N-204",120.53644,119.01244
"199-N-205",117.999616,115.869064
"199-N-206",120.43968,118.927872
"199-N-207",117.697728,115.564128
"199-N-208",120.466536,118.942536
"199-N-209",117.867792,115.734192
"199-N-210",120.325096,118.795
"199-N-211",118.185824,116.052224
"199-N-212",120.523016,119.002064
"199-N-213",118.118304,115.984704
"199-N-214",120.525936,119.001936
"199-N-215",118.092784,115.962232
"199-N-216",120.384168,118.890648
"199-N-217",117.851616,115.721064
"199-N-218",120.107,118.589096
"199-N-219",117.578496,115.447944
"199-N-22",NA,NA
"199-N-220",120.186048,118.665096
"199-N-221",117.634784,115.504232
"199-N-222",120.24764,118.726688
"199-N-223",117.661184,115.53368
"199-N-224",120.219048,118.695048
"199-N-225",118.086288,115.958784
"199-N-226",120.464592,118.94364
"199-N-227",117.85308,115.73472
"199-N-228",120.427936,118.903936
"199-N-229",117.880048,115.749496
"199-N-230",120.059096,118.535096
"199-N-231",117.63428,115.503728
"199-N-232",120.274936,118.750936
"199-N-233",117.748472,115.614872
"199-N-234",120.357024,118.833024
"199-N-235",119.032208,117.508208
"199-N-236",116.563672,114.445312
"199-N-237",119.086056,117.562056
"199-N-238",116.643184,114.509584
"199-N-239",119.128096,117.607144
"199-N-240",116.912016,114.778416
"199-N-241",119.282296,117.758296
"199-N-242",116.750656,114.632296
"199-N-243",119.235096,117.711096
"199-N-244",117.070408,114.942904
"199-N-245",119.229048,117.711144
"199-N-246",116.87572,114.74212
"199-N-247",119.211048,117.690096
"199-N-248",116.851056,114.717456
"199-N-249",119.126096,117.602096
"199-N-25",NA,NA
"199-N-250",116.631704,114.498104
"199-N-251",119.062048,117.538048
"199-N-252",116.808008,114.674408
"199-N-253",118.987096,117.466144
"199-N-254",116.651864,114.521312
"199-N-255",118.854048,117.336144
"199-N-256",116.504,114.3704
"199-N-257",118.775,117.257096
"199-N-258",116.527296,114.393696
"199-N-259",118.772048,117.254144
"199-N-26",NA,NA
"199-N-260",116.489,114.358448
"199-N-261",118.814,117.29
"199-N-262",116.461656,114.297576
"199-N-263",118.830048,117.312144
"199-N-264",116.489376,114.355776
"199-N-265",118.819,117.295
"199-N-266",116.544096,114.413544
"199-N-267",118.806952,117.279904
"199-N-268",116.58072,114.450168
"199-N-269",118.796,117.272
"199-N-27",NA,NA
"199-N-270",116.348936,114.218384
"199-N-271",118.801,117.277
"199-N-272",116.53652,114.405968
"199-N-273",118.877,117.343856
"199-N-274",116.648624,114.518072
"199-N-275",118.895904,117.359712
"199-N-276",116.508656,114.378104
"199-N-277",118.773952,117.243856
"199-N-278",116.47572,114.345168
"199-N-279",118.682,117.158
"199-N-28",NA,NA
"199-N-280",116.214792,114.087288
"199-N-281",118.400688,116.876688
"199-N-282",116.432584,114.302032
"199-N-283",118.40036,116.870264
"199-N-284",116.301432,114.17088
"199-N-285",118.43136,116.901264
"199-N-286",116.1818,114.054296
"199-N-287",118.596904,117.072904
"199-N-288",116.34244,114.211888
"199-N-289",118.697048,117.173048
"199-N-29",NA,NA
"199-N-290",116.37,114.2364
"199-N-291",118.724,117.2
"199-N-292",116.330712,114.197112
"199-N-293",118.843488,117.319488
"199-N-294",116.43124,114.29764
"199-N-295",118.749032,117.225032
"199-N-296",116.5742,114.4406
"199-N-297",118.899952,117.375952
"199-N-298",116.635824,114.502224
"199-N-299",118.919,117.395
"199-N-30",NA,NA
"199-N-300",116.6102,114.479648
"199-N-301",118.697304,117.173304
"199-N-302",116.534664,114.401064
"199-N-303",118.948,117.424
"199-N-304",116.385408,114.251808
"199-N-305",118.877992,117.350944
"199-N-306",116.32436,114.19076
"199-N-307",118.77608,117.25208
"199-N-308",116.277064,114.146512
"199-N-309",118.818936,117.294936
"199-N-31",NA,NA
"199-N-310",116.391552,114.257952
"199-N-311",118.89,117.366
"199-N-312",116.154296,114.023744
"199-N-313",118.540872,117.016872
"199-N-314",116.189208,114.055608
"199-N-315",118.915152,117.391152
"199-N-316",116.3096,114.176
"199-N-317",118.823,117.299
"199-N-318",116.322984,114.189384
"199-N-319",118.829,117.305
"199-N-32",128.6088,117.636
"199-N-320",116.309456,114.175856
"199-N-321",118.859,117.335
"199-N-322",116.398896,114.268344
"199-N-323",118.975,117.451
"199-N-324",116.452024,114.321472
"199-N-325",118.7152,117.188152
"199-N-326",116.440784,114.307184
"199-N-327",119.044,117.52
"199-N-328",116.760488,114.629936
"199-N-329",119.070952,117.546952
"199-N-33",NA,NA
"199-N-330",116.570368,114.439816
"199-N-331",119.167968,117.643968
"199-N-332",116.772768,114.642216
"199-N-333",119.179104,117.655104
"199-N-334",116.770008,114.636408
"199-N-335",119.24864,117.72464
"199-N-336",116.699856,114.566256
"199-N-337",119.166296,117.639248
"199-N-338",116.602512,114.47196
"199-N-339",119.05,117.526
"199-N-34",NA,NA
"199-N-340",116.725152,114.591552
"199-N-341",119.114144,117.59624
"199-N-342",116.863872,114.736368
"199-N-343",119.206,117.685048
"199-N-344",116.609256,114.783504
"199-N-345",119.165,117.644048
"199-N-346",118.306432,116.172832
"199-N-347",117.839624,115.706024
"199-N-348",117.856048,115.725496
"199-N-349",117.830904,115.697304
"199-N-350",116.823536,114.689936
"199-N-351",116.881528,114.754024
"199-N-352",116.675656,114.542056
"199-N-353",116.516848,114.386296
"199-N-354",116.486272,114.35572
"199-N-355",116.506128,114.375576
"199-N-356",116.776728,114.646176
"199-N-357",116.374128,114.240528
"199-N-358",116.204656,114.071056
"199-N-359",116.485048,114.351448
"199-N-36",NA,NA
"199-N-360",116.5508,114.4172
"199-N-361",116.4736,114.34
"199-N-362",116.52308,114.38948
"199-N-363",116.367752,114.2372
"199-N-364",116.381512,114.247912
"199-N-365",116.5838,114.4502
"199-N-366",116.793672,114.66312
"199-N-367",116.854344,114.723792
"199-N-368",116.510696,114.410624
"199-N-369",117.092952,114.965448
"199-N-37",NA,NA
"199-N-370",117.009464,114.878912
"199-N-371",121.4234,111.032768
"199-N-372",121.102992,108.892704
"199-N-373",120.932784,113.407272
"199-N-374",120.836096,110.158952
"199-N-376",119.408696,108.7346
"199-N-377",118.625368,112.523272
"199-N-39",NA,NA
"199-N-40",NA,NA
"199-N-41",NA,NA
"199-N-42",NA,NA
"199-N-43",NA,NA
"199-N-47",NA,NA
"199-N-48",NA,NA
"199-N-49",NA,NA
"199-N-50",NA,NA
"199-N-51",NA,NA
"199-N-52",NA,NA
"199-N-53",NA,NA
"199-N-54",122.0936,117.5216
"199-N-55",122.1646,117.5926
"199-N-56",121.6698,117.0978
"199-N-57",122.3786,117.8066
"199-N-58",124.38608,119.81408
"199-N-59",123.4398,118.8678
"199-N-60",124.442,119.7938
"199-N-61",125.6058,121.00332
"199-N-62",122.4642,117.8922
"199-N-63",122.4492,117.8772
"199-N-64",122.5718,117.9998
"199-N-65",122.4422,117.8702
"199-N-66",123.2186,118.6466
"199-N-67",121.9656,117.2412
"199-N-69",113.175,110.127
"199-N-70",111.75432,108.70632
"199-N-71",121.78776,115.4784
"199-N-72",121.225144,114.8914
"199-N-73",121.22912,114.98072
"199-N-74",121.4568,115.26936
"199-N-75",119.698928,113.575496
"199-N-76",119.23172,113.13572
"199-N-77",114.224072,111.19436
"199-N-80",105.90112,102.85312
"199-N-81",119.91644,113.8814
"199-N-8P",NA,NA
"199-N-92A",118.846736,112.750736
"199-N-96A",119.2224,113.1264
"199-N-99A",119.9896,112.9792
"299-E11-1",135.44004,104.96004
"299-E13-16",NA,NA
"299-E13-62",NA,NA
"299-E13-63",209.24728,203.1208
"299-E13-64",218.00196,211.9974
"299-E13-65",218.298848,212.190656
"299-E13-8",129.0972,116.9052
"299-E16-1",NA,NA
"299-E17-12",124.8616,118.4608
"299-E17-13",123.1524,117.0564
"299-E17-14",125.9514,119.67252
"299-E17-15",125.5256,119.582
"299-E17-16",125.397,119.301
"299-E17-17",124.87768,118.62928
"299-E17-18",125.75724,119.47836
"299-E17-19",126.8028,120.58488
"299-E17-20",126.88172,120.78572
"299-E17-21",124.22164,115.129456
"299-E17-22",122.550176,111.873032
"299-E17-23",122.349696,111.64512
"299-E17-25",122.441512,111.770464
"299-E17-26",121.389216,110.727312
"299-E17-3",NA,NA
"299-E17-56",122.09348,115.99748
"299-E17-57",121.099776,114.98244
"299-E17-58",123.301736,115.663448
"299-E18-1",125.4542,119.2058
"299-E18-2",125.80284,119.55444
"299-E18-3",125.71644,119.55948
"299-E18-4",125.9018,119.74484
"299-E20-1",143.02476,112.51428
"299-E20-2",139.177296,108.679008
"299-E24-16",126.33688,120.24088
"299-E24-164",121.771936,114.106216
"299-E24-17",125.14176,118.9848
"299-E24-18",126.0188,119.618
"299-E24-19",126.43192,120.00064
"299-E24-20",125.004696,118.87212
"299-E24-21",122.696488,116.600488
"299-E24-22",122.318192,111.634952
"299-E24-23",122.0998,111.4318
"299-E24-24",122.537472,111.869472
"299-E24-25",122.444008,116.348008
"299-E24-33",121.26712,111.51352
"299-E25-1000",125.27616,116.13216
"299-E25-125",123.428584,115.796392
"299-E25-22",118.935,115.887
"299-E25-236",123.382,112.68352
"299-E25-237",123.1752,112.5072
"299-E25-238",122.321528,113.177528
"299-E25-239",122.755,113.607952
"299-E25-240",122.971504,100.108456
"299-E25-241",123.006248,115.374056
"299-E25-242",123.00448,115.381432
"299-E25-243",123.1588,115.5388
"299-E25-244",123.006304,115.371064
"299-E25-245",123.15316,115.524016
"299-E25-246",122.293176,114.657936
"299-E25-247",123.187776,115.552536
"299-E25-248",123.090496,115.44916
"299-E25-249",123.18488,115.56488
"299-E25-25",NA,NA
"299-E25-250",122.726008,115.093816
"299-E25-251",122.737576,115.105384
"299-E25-26",NA,NA
"299-E25-28",NA,NA
"299-E25-29P",NA,NA
"299-E25-29Q",NA,NA
"299-E25-31",126.7948,120.6988
"299-E25-32",107.177,103.94612
"299-E25-32P",125.64588,119.54988
"299-E25-32Q",107.175,103.94412
"299-E25-33",NA,NA
"299-E25-34",125.75432,119.65832
"299-E25-35",126.1976,119.9492
"299-E25-36",125.37884,119.00852
"299-E25-37",126.201,119.89164
"299-E25-38",126.64572,120.24492
"299-E25-39",126.316,120.12856
"299-E25-40",126.3004,119.8996
"299-E25-41",126.91356,120.51276
"299-E25-42",126.67952,120.27872
"299-E25-43",125.45868,119.14932
"299-E25-44",125.090016,119.058024
"299-E25-45",124.880072,118.80236
"299-E25-46",124.7022,118.51476
"299-E25-47",125.1956,119.03864
"299-E25-48",124.57736,118.38992
"299-E25-49",124.853984,118.74884
"299-E25-50",124.752976,118.656976
"299-E25-93",122.462496,111.785352
"299-E25-94",121.36252,110.69452
"299-E25-95",122.287576,113.143576
"299-E26-10",125.4476,120.69272
"299-E26-11",121.95804,120.25116
"299-E26-12",125.92752,119.52672
"299-E26-13",125.95684,119.67796
"299-E26-14",122.78368,116.68768
"299-E26-15",124.159768,119.484136
"299-E26-16",123.312696,118.737648
"299-E26-6",NA,NA
"299-E26-77",122.78092,115.23712
"299-E26-79",122.85904,115.23904
"299-E26-8",89.8432,68.5072
"299-E26-80",122.53912,113.39512
"299-E26-81",122.418408,119.373456
"299-E26-82",123.116192,115.474856
"299-E26-9",125.93756,122.70668
"299-E27-10",126.16192,119.97448
"299-E27-11",126.03808,119.63728
"299-E27-12",126.4088,119.97752
"299-E27-13",126.79072,120.35944
"299-E27-137B",112.894776,109.846776
"299-E27-14",125.91916,119.51836
"299-E27-15",126.6176,120.2168
"299-E27-155",116.099792,105.431792
"299-E27-157",122.753088,105.952512
"299-E27-16",126.21124,119.81044
"299-E27-17",125.54264,119.14184
"299-E27-18",124.68628,118.5598
"299-E27-19",124.7084,118.58192
"299-E27-21",122.279424,111.593136
"299-E27-22",123.09036,110.907504
"299-E27-23",122.293152,111.616008
"299-E27-24",113.053016,106.953968
"299-E27-25",123.260128,117.158032
"299-E27-26",122.883,110.697096
"299-E27-27",121.021344,114.919248
"299-E27-28",122.749808,115.123712
"299-E27-4",122.291464,111.620416
"299-E27-7",NA,NA
"299-E27-8",125.7956,119.6996
"299-E27-9",125.29896,119.41632
"299-E28-1",NA,NA
"299-E28-23",124.7536,109.5136
"299-E28-24",124.8276,109.8924
"299-E28-25",124.4128,109.1728
"299-E28-26",124.85576,118.75976
"299-E28-27",NA,NA
"299-E28-28",NA,NA
"299-E28-30",123.320248,117.224248
"299-E28-31",110.163984,107.115984
"299-E28-32",104.566656,101.518656
"299-E28-34",122.472048,114.855096
"299-E28-35",124.373816,115.220672
"299-E29-54",123.377672,117.287768
"299-E32-10",125.945,119.75756
"299-E32-2",126.09556,119.99956
"299-E32-3",125.79224,119.69624
"299-E32-4",125.01412,118.91812
"299-E32-5",125.54616,119.14536
"299-E32-6",125.8094,119.50004
"299-E32-7",125.76812,119.45876
"299-E32-8",125.20644,119.019
"299-E32-9",125.71064,119.43176
"299-E33-10",NA,NA
"299-E33-12",97.33,72.946
"299-E33-20",NA,NA
"299-E33-205",121.836,118.788
"299-E33-265",123.648536,117.54644
"299-E33-266",123.38636,117.284264
"299-E33-267",122.726672,119.678672
"299-E33-268",123.531688,120.32824
"299-E33-269",128.877,125.829
"299-E33-270",147.922,141.819904
"299-E33-272",NA,NA
"299-E33-276",122.754864,118.210296
"299-E33-28",125.13264,119.03664
"299-E33-283",123.59596,115.972912
"299-E33-29",125.65156,119.55556
"299-E33-30",125.126,119.03
"299-E33-31",125.84548,119.44468
"299-E33-32",126.15328,119.75248
"299-E33-33",120.19528,119.61616
"299-E33-334",124.74004,117.113944
"299-E33-335",124.163952,118.061856
"299-E33-337",124.156272,116.527128
"299-E33-338",123.78568,117.68968
"299-E33-339",123.23788,117.17236
"299-E33-34",126.4948,120.30736
"299-E33-340",94.406736,89.837784
"299-E33-341",123.289696,120.244744
"299-E33-342",123.23452,120.18652
"299-E33-343",122.65348,119.60548
"299-E33-344",132.72308,126.873968
"299-E33-345",122.992536,119.944536
"299-E33-35",126.58816,120.18736
"299-E33-350",130.512104,127.464104
"299-E33-351",130.862368,127.814368
"299-E33-36",125.82688,119.42608
"299-E33-360",122.206456,116.131792
"299-E33-361",122.33472,116.23872
"299-E33-37",125.94156,119.60172
"299-E33-372",123.734448,119.1594
"299-E33-38",126.39572,119.99492
"299-E33-39",126.66164,120.26084
"299-E33-40",100.80028,97.44748
"299-E33-41",124.94348,119.7314
"299-E33-42",126.7122,120.40284
"299-E33-43",125.66104,119.22976
"299-E33-44",123.4906,118.9186
"299-E33-47",123.34732,117.25132
"299-E33-48",123.28304,115.66304
"299-E33-49",122.9182,116.8222
"299-E33-50",94.406912,89.834912
"299-E34-10",126.509608,120.1972
"299-E34-11",125.16,122.087616
"299-E34-12",126.57828,120.387792
"299-E34-2",125.78848,119.69248
"299-E34-3",124.8352,121.69576
"299-E34-4",131.6004,125.5044
"299-E34-5",125.6046,122.5566
"299-E34-6",129.589,123.493
"299-E34-7",125.21528,121.95392
"299-E34-8",125.95408,119.40088
"299-E34-9",127.008376,120.67768
"299-E35-1",127.23028,123.96892
"299-E35-2",125.52568,122.2948
"299-W10-13",141.026,137.978
"299-W10-14",80.3744,77.3264
"299-W10-15",144.8052,138.4044
"299-W10-16",144.80716,138.40636
"299-W10-17",143.21728,136.72504
"299-W10-18",143.75796,137.26572
"299-W10-19",142.99588,136.8694
"299-W10-20",142.17584,136.11032
"299-W10-200",133.47956,125.850416
"299-W10-201",137.89408,130.27408
"299-W10-202",137.16116,129.51068
"299-W10-203",137.12072,129.47024
"299-W10-204",136.584992,128.9528
"299-W10-205",132.934304,125.296016
"299-W10-21",142.1026,136.0066
"299-W10-22",142.32436,133.1956
"299-W10-23",137.872256,127.173776
"299-W10-24",137.977888,127.282456
"299-W10-26",138.519208,127.823776
"299-W10-27",137.5382,126.8702
"299-W10-28",137.462088,126.794088
"299-W10-29",136.942952,126.274952
"299-W10-3",NA,NA
"299-W10-30",136.99572,126.32772
"299-W10-31",136.535336,125.842952
"299-W10-33",86.304,80.208
"299-W10-35",114.58744,74.96344
"299-W10-36",114.445,80.88652
"299-W10-8",NA,NA
"299-W10-9",NA,NA
"299-W11-100",97.893424,88.703704
"299-W11-106",87.98812,75.799168
"299-W11-107",82.671584,67.428536
"299-W11-24",NA,NA
"299-W11-25B",130.45228,124.35628
"299-W11-27",143.8864,137.781256
"299-W11-28",142.80548,136.41992
"299-W11-29",142.29004,131.28676
"299-W11-30",142.17764,131.08292
"299-W11-31",142.04724,135.95124
"299-W11-32",126.89556,125.37156
"299-W11-33",129.73708,125.171176
"299-W11-33P",NA,NA
"299-W11-33Q",NA,NA
"299-W11-37",141.370944,131.919096
"299-W11-39",137.15972,126.473432
"299-W11-40",137.129216,126.449024
"299-W11-41",137.52084,126.85284
"299-W11-42",138.014552,127.343504
"299-W11-43",87.28444,82.71244
"299-W11-45",127.149856,122.702824
"299-W11-46",129.83168,123.73568
"299-W11-47",126.066648,116.761104
"299-W11-48",124.333288,96.886048
"299-W11-49",115.425,87.993
"299-W11-50",105.470936,84.14408
"299-W11-86",106.094,101.522
"299-W11-87",106.452504,101.874408
"299-W11-88",85.44852,73.25652
"299-W11-90",102.468304,64.365256
"299-W11-92",99.422,84.182
"299-W11-96",103.51792,79.13392
"299-W11-97",83.186944,67.946944
"299-W11-98",73.863408,61.66836
"299-W11-99",113.384952,104.234856
"299-W12-2",111.613352,88.747256
"299-W12-3",103.81672,76.378624
"299-W12-4",85.16676,71.48124
"299-W12-5",107.591672,70.991288
"299-W12-6",124.544592,68.123064
"299-W13-1",103.652488,92.990584
"299-W13-2P",128.5666,122.4706
"299-W13-2Q",110.2786,104.1826
"299-W13-3",81.407648,72.257552
"299-W13-5",75.531736,58.789072
"299-W14-11",124.61684,121.56884
"299-W14-12",143.92368,137.82768
"299-W14-13",138.320224,127.618696
"299-W14-14",138.485496,127.8114
"299-W14-15",137.6042,126.975824
"299-W14-16",137.415888,126.766176
"299-W14-17",137.431688,126.757592
"299-W14-18",137.798312,127.13336
"299-W14-19",136.7762,126.1082
"299-W14-20",84.070056,81.022056
"299-W14-21",95.866856,62.348
"299-W14-22",102.064712,68.515376
"299-W14-24",65.526288,59.42724
"299-W14-25",95.559464,86.394128
"299-W14-28",82.27788,62.459784
"299-W14-29",84.549024,70.829976
"299-W14-30",101.976104,62.321624
"299-W14-31",125.434016,64.434392
"299-W14-32",124.647496,63.693592
"299-W14-71",93.460688,88.894784
"299-W14-72",89.476752,84.904752
"299-W14-73",91.48268,67.09868
"299-W14-74",105.683008,70.618816
"299-W14-75",97.601448,76.271544
"299-W15-15",138.486,135.438
"299-W15-152",137.472056,126.804056
"299-W15-16",139.822,136.6216
"299-W15-17",80.458,77.41
"299-W15-18",139.342,136.294
"299-W15-19",145.79076,139.38996
"299-W15-20",145.98152,139.58072
"299-W15-216",149.523352,146.362576
"299-W15-218",148.84708,144.30556
"299-W15-22",144.0432,137.55096
"299-W15-224",136.5336,125.8656
"299-W15-225",121.026,81.402
"299-W15-226",112.206576,78.678576
"299-W15-227",111.238616,77.75024
"299-W15-228",124.2686,75.5006
"299-W15-229",124.411104,75.6492
"299-W15-23",146.66524,140.35588
"299-W15-231",134.239112,126.613016
"299-W15-232",137.915408,130.289312
"299-W15-24",146.257,139.8562
"299-W15-25",136.6858,135.1618
"299-W15-29",148.111472,123.727472
"299-W15-30",142.806216,130.6386
"299-W15-31A",142.899096,130.728432
"299-W15-32",143.475512,131.3018
"299-W15-33",134.011232,127.906088
"299-W15-34",140.748552,125.48112
"299-W15-35",139.939752,124.791192
"299-W15-36",139.63964,124.55204
"299-W15-37",140.287968,125.21256
"299-W15-38",140.35652,134.254424
"299-W15-39",140.40992,134.31392
"299-W15-40",138.62884,127.921216
"299-W15-41",136.975584,132.397488
"299-W15-42",136.676936,121.436936
"299-W15-43",137.779424,127.111424
"299-W15-44",138.255,127.587
"299-W15-45",132.65764,120.456496
"299-W15-46",139.607256,115.241544
"299-W15-47",120.87068,117.82268
"299-W15-48",168.400008,159.249912
"299-W15-49",136.523352,125.855352
"299-W15-50",128.307632,117.645728
"299-W15-6",92.5034,77.2634
"299-W15-763",137.6336,126.944264
"299-W15-765",137.449,126.781
"299-W15-83",137.325,126.650904
"299-W15-94",137.44672,126.77872
"299-W17-1",139.418056,128.731768
"299-W17-2",113.017088,84.051944
"299-W17-3",102.501952,75.073
"299-W18-10",NA,NA
"299-W18-11",NA,NA
"299-W18-12",NA,NA
"299-W18-16",136.4114,125.752544
"299-W18-17",NA,NA
"299-W18-174",NA,NA
"299-W18-18",NA,NA
"299-W18-19",151.467,142.323
"299-W18-2",NA,NA
"299-W18-22",70.899,67.851
"299-W18-23",139.3972,136.3492
"299-W18-24",138.934,135.886
"299-W18-246",158.509432,155.467528
"299-W18-25",144.1772,137.68496
"299-W18-250",187.11256,183.8512
"299-W18-251",177.6726,171.39372
"299-W18-253",172.104328,166.008328
"299-W18-26",145.51644,139.08516
"299-W18-260",131.970104,122.826104
"299-W18-261",133.6358,126.003608
"299-W18-264",137.685904,130.05676
"299-W18-27",144.31932,138.07092
"299-W18-28",143.78312,137.4128
"299-W18-29",169.2048,164.41944
"299-W18-3",NA,NA
"299-W18-30",144.884,133.85024
"299-W18-31",145.33796,134.7614
"299-W18-32",144.91784,138.7304
"299-W18-33",143.542344,134.383104
"299-W18-35",NA,NA
"299-W18-36",140.998696,125.776984
"299-W18-37",144.02164,125.7184
"299-W18-38",143.133896,123.288368
"299-W18-39",144.1914,125.9034
"299-W18-4",NA,NA
"299-W18-40",136.206304,125.535256
"299-W18-41",93.56496,72.22896
"299-W18-42",75.086664,68.792544
"299-W18-43",77.092448,70.819664
"299-W18-44",80.13236,70.985312
"299-W18-45",137.014736,129.379496
"299-W18-46",136.764512,129.138416
"299-W18-47",138.536792,130.9046
"299-W18-7",147.3162,141.2202
"299-W18-9",NA,NA
"299-W19-101",134.121856,123.453856
"299-W19-105",135.17004,124.462416
"299-W19-107",122.016408,117.44136
"299-W19-111",125.957392,89.381392
"299-W19-113",110.597152,104.507248
"299-W19-114",128.08616,105.22616
"299-W19-115",129.49304,118.815896
"299-W19-116",130.07348,119.399384
"299-W19-12",141.683,129.491
"299-W19-123",95.914624,80.662432
"299-W19-125",94.97292,85.484496
"299-W19-126",118.270544,84.76388
"299-W19-127",132.366704,121.668224
"299-W19-128",130.91572,121.75648
"299-W19-13",148.6088,136.4168
"299-W19-131",130.080296,123.984296
"299-W19-132",126.385928,117.2084
"299-W19-134",127.378416,109.093464
"299-W19-135",129.36176,120.17204
"299-W19-136",128.723344,119.5702
"299-W19-15",129.682,128.158
"299-W19-18",NA,NA
"299-W19-19",142.149,136.053
"299-W19-2",142.129,129.6322
"299-W19-20",NA,NA
"299-W19-22",170.615,169.091
"299-W19-23",142.2976,135.592
"299-W19-24",NA,NA
"299-W19-25",NA,NA
"299-W19-26",142.2466,136.1506
"299-W19-27",145.1356,139.0396
"299-W19-28",143.20228,136.86244
"299-W19-29",NA,NA
"299-W19-30",142.18916,136.09316
"299-W19-31",144.27976,137.78752
"299-W19-32",144.38784,137.86512
"299-W19-34A",115.69184,110.99792
"299-W19-34B",89.048224,86.100808
"299-W19-35",139.764288,130.598952
"299-W19-36",132.662912,126.5852
"299-W19-37",139.41244,133.185376
"299-W19-39",139.145896,123.88456
"299-W19-40",139.601304,133.505304
"299-W19-41",138.70976,128.014328
"299-W19-42",138.364656,127.669224
"299-W19-43",135.869656,125.219944
"299-W19-44",136.44648,125.77848
"299-W19-45",137.349224,126.708656
"299-W19-46",135.664,124.996
"299-W19-47",136.34616,125.681208
"299-W19-48",132.2744,121.54544
"299-W19-49",134.343592,123.675592
"299-W19-91",173.7558,170.7078
"299-W19-92",NA,NA
"299-W19-93",NA,NA
"299-W20-1",130.097936,120.953936
"299-W21-2",134.84228,124.168184
"299-W21-3",119.866288,113.770288
"299-W22-113",132.74728,123.5728
"299-W22-114",131.375664,120.704616
"299-W22-115",133.253064,122.57592
"299-W22-116",132.541048,121.866952
"299-W22-121",198.515272,195.53128
"299-W22-123",131.709656,122.562608
"299-W22-125",NA,NA
"299-W22-24P",NA,NA
"299-W22-24Q",NA,NA
"299-W22-24R",NA,NA
"299-W22-24S",NA,NA
"299-W22-24T",NA,NA
"299-W22-39",142.93596,136.4742
"299-W22-40",142.82932,136.6114
"299-W22-41",142.69932,136.23756
"299-W22-42",142.82412,136.63668
"299-W22-43",142.70124,136.5138
"299-W22-44",144.22052,132.9734
"299-W22-45",142.75412,131.84228
"299-W22-46",145.74908,134.86772
"299-W22-47",135.829384,125.158336
"299-W22-48",138.174048,133.599
"299-W22-49",137.51108,132.93908
"299-W22-50",137.71384,133.138792
"299-W22-69",134.715456,124.04136
"299-W22-72",135.110496,124.4364
"299-W22-79",136.96604,126.359
"299-W22-80",137.480856,126.80676
"299-W22-81",136.7956,126.136744
"299-W22-82",137.21172,126.51324
"299-W22-83",137.36176,126.69376
"299-W22-84",137.0794,126.4114
"299-W22-85",137.503824,126.863256
"299-W22-86",135.157088,124.461656
"299-W22-87",135.003896,124.31456
"299-W22-88",133.5842,122.9162
"299-W22-89",135.096968,124.419824
"299-W22-90",131.58628,119.391232
"299-W22-91",131.211424,115.96228
"299-W22-92",132.43648,118.708288
"299-W22-93",132.314632,121.646632
"299-W22-94",133.17888,122.501736
"299-W22-95",132.067048,119.865904
"299-W22-96",133.724416,124.580416
"299-W23-1",149.6696,132.4484
"299-W23-13",143.54468,137.05244
"299-W23-15",143.15964,131.97348
"299-W23-16",143.589696,134.37864
"299-W23-17",143.99036,134.81588
"299-W23-19",NA,NA
"299-W23-20",137.4176,126.7496
"299-W23-21",137.789616,126.478488
"299-W23-236",132.907152,122.236104
"299-W23-5",140.871,130.8126
"299-W23-7",151.6418,136.4018
"299-W26-10",143.09924,136.97276
"299-W26-11",170.709,164.52156
"299-W26-12",142.81044,136.50108
"299-W26-13",137.40644,126.70796
"299-W26-14",136.591824,125.923824
"299-W26-15",134.687336,127.049048
"299-W26-16",135.087992,127.458848
"299-W26-6",NA,NA
"299-W26-7",142.615936,136.36144
"299-W26-8",143.73208,137.54464
"299-W27-1",NA,NA
"299-W27-2",82.695528,79.610952
"299-W27-3",133.479488,125.844248
"299-W5-1",104.390672,83.018096
"299-W5-2",93.664904,87.562808
"299-W5-2P",112.071776,105.96968
"299-W5-2Q",93.77768,87.562808
"299-W6-10",140.80824,134.68176
"299-W6-11",137.916728,131.7872
"299-W6-12",137.390344,132.769576
"299-W6-13",113.08056,82.664568
"299-W6-14",114.51704,70.382
"299-W6-15",95.996192,77.705144
"299-W6-16",117.244872,68.467728
"299-W6-17",92.60896,86.49772
"299-W6-2",138.9256,135.8776
"299-W6-3",88.52416,85.39996
"299-W6-4",142.14748,135.7162
"299-W6-5",137.280704,130.968296
"299-W6-6",88.91472,85.65336
"299-W6-7",141.3808,135.07144
"299-W6-8",141.71048,135.40112
"299-W6-9",142.02616,135.7168
"299-W7-1",139.9496,136.292
"299-W7-10",143.2216,137.00368
"299-W7-11",143.2588,137.10184
"299-W7-12",142.90136,136.592
"299-W7-13",133.32232,80.10424
"299-W7-14",112.746256,80.748352
"299-W7-15",133.643048,126.02
"299-W7-16",137.0798,129.450656
"299-W7-2",141.6724,138.6244
"299-W7-3",69.5958,63.195
"299-W7-4",137.0476,133.9996
"299-W7-5",142.3434,136.03404
"299-W7-6",136.8102,133.7622
"299-W7-7",142.78692,136.47756
"299-W7-8",142.71296,136.37312
"299-W7-9",143.99156,137.65172
"299-W8-1",142.29624,136.1088
"299-W9-1",139.2824,136.2344
"299-W9-2",136.991488,126.33568
"399-1-100",106.837344,105.313344
"399-1-101",106.679048,105.155048
"399-1-102",106.70056,105.182656
"399-1-103",107.013496,105.495592
"399-1-104",106.996544,105.475592
"399-1-105",106.8522,105.3282
"399-1-106",106.921296,105.397296
"399-1-107",106.871536,105.347536
"399-1-108",106.913016,105.392064
"399-1-109",107.038832,105.51788
"399-1-10A",105.3854,102.3374
"399-1-10B",82.6874,79.6394
"399-1-11",104.58128,101.41136
"399-1-110",106.876152,105.3552
"399-1-111",106.92044,105.39644
"399-1-112",106.79996,105.27596
"399-1-113",106.896304,105.372304
"399-1-114",106.887056,105.363056
"399-1-115",106.886344,105.362344
"399-1-116",106.86668,105.34268
"399-1-117",106.937392,105.413392
"399-1-118",106.908296,105.384296
"399-1-119",106.95844,105.43444
"399-1-12",103.75,99.178
"399-1-120",106.671312,105.156456
"399-1-121",107.040536,105.501296
"399-1-122",106.899568,105.384712
"399-1-123",107.06644,105.551584
"399-1-124",106.950288,105.435432
"399-1-125",106.972576,105.45772
"399-1-126",106.823376,105.30852
"399-1-127",107.081056,105.5662
"399-1-128",107.126824,105.611968
"399-1-129",107.319216,105.80436
"399-1-130",107.120952,105.609144
"399-1-131",106.92844,105.413584
"399-1-132",106.938336,105.42348
"399-1-133",107.001488,105.486632
"399-1-134",106.991968,105.477112
"399-1-135",107.060208,105.545352
"399-1-136",106.993352,105.475448
"399-1-137",106.989728,105.474872
"399-1-138",106.7178,105.202944
"399-1-139",106.823496,105.30864
"399-1-13A",105.57656,102.4676
"399-1-13B",86.1438,82.88244
"399-1-140",107.005016,105.481016
"399-1-141",106.984872,105.460872
"399-1-142",106.88644,105.36244
"399-1-143",106.950912,105.426912
"399-1-144",106.77648,105.255528
"399-1-145",107.085552,105.576792
"399-1-146",106.2506,104.729648
"399-1-147",106.388928,104.898456
"399-1-148",106.249792,104.725792
"399-1-149",106.410368,104.886368
"399-1-14A",105.56548,102.51748
"399-1-14B",86.6598,83.39844
"399-1-15",107.3358,102.7638
"399-1-150",106.242408,104.718408
"399-1-152",106.3726,104.872984
"399-1-153",106.5556,105.040744
"399-1-154",106.3818,104.8578
"399-1-155",104.404608,102.883656
"399-1-156",104.406848,102.882848
"399-1-157",104.380032,102.856032
"399-1-158",104.39684,102.87284
"399-1-159",104.366256,102.842256
"399-1-160",104.64772,103.12372
"399-1-161",104.458168,102.937216
"399-1-162",103.97928,102.461376
"399-1-164",104.561232,103.037232
"399-1-165",104.491184,102.967184
"399-1-166",104.352936,102.831984
"399-1-16A",105.476,102.428
"399-1-16B",84.849,81.801
"399-1-16C",66.1644,62.964
"399-1-17A",107.74,103.168
"399-1-17B",84.986,81.938
"399-1-17C",66.55012,63.3802
"399-1-18A",107.3248,102.7528
"399-1-18B",85.9792,82.9312
"399-1-18C",78.85,75.802
"399-1-21A",107.22428,100.88444
"399-1-21B",85.8814,82.8334
"399-1-23",107.864288,100.24124
"399-1-24",105.8674,104.3434
"399-1-25",102.7934,101.2694
"399-1-26",106.6198,100.5238
"399-1-27",102.8914,101.3674
"399-1-28",105.9534,104.4294
"399-1-29",106.8578,100.7618
"399-1-30",106.7908,100.6948
"399-1-31",106.6828,100.5868
"399-1-32",106.4338,101.8618
"399-1-33",108.313168,102.217168
"399-1-34",107.004416,100.911464
"399-1-35",107.044168,100.963408
"399-1-36",103.31696,101.796008
"399-1-37",106.338816,104.82396
"399-1-38",107.648416,101.552416
"399-1-39",NA,NA
"399-1-40",NA,NA
"399-1-41",NA,NA
"399-1-42",NA,NA
"399-1-43",NA,NA
"399-1-44",NA,NA
"399-1-45",NA,NA
"399-1-46",NA,NA
"399-1-47",NA,NA
"399-1-48",NA,NA
"399-1-49",NA,NA
"399-1-50",NA,NA
"399-1-51",NA,NA
"399-1-52",NA,NA
"399-1-53",NA,NA
"399-1-54",107.311512,102.736464
"399-1-55",107.862408,103.28736
"399-1-56",108.583,104.011
"399-1-57",94.935,91.887
"399-1-58",109.018408,104.44336
"399-1-59",108.092272,103.532464
"399-1-6",107.5264,100.8208
"399-1-60",109.228824,96.9972
"399-1-61",105.29896,104.68936
"399-1-62",104.713504,104.103904
"399-1-63",106.513208,105.903608
"399-1-64",104.544992,103.935392
"399-1-65",102.141536,100.608392
"399-1-66",102.480496,100.962592
"399-1-67",107.5198,104.4718
"399-1-68",107.2868,104.2388
"399-1-69",105.18264,103.65864
"399-1-7",NA,NA
"399-1-70",102.17,100.646
"399-1-71",105.462936,103.929792
"399-1-72",102.732584,101.208584
"399-1-73",106.164304,104.640304
"399-1-74",102.578184,101.054184
"399-1-75",105.501264,103.977264
"399-1-76",102.846944,101.322944
"399-1-77",105.814224,104.290224
"399-1-78",102.415552,100.888504
"399-1-79",105.5578,104.0338
"399-1-8",91.924,85.828
"399-1-80",102.524408,100.994312
"399-1-81",105.557072,104.033072
"399-1-82",102.5986,101.0596648
"399-1-83",105.68832,104.16432
"399-1-84",100.202552,98.675504
"399-1-85",105.478216,103.9545208
"399-1-86",102.554128,101.030128
"399-1-87",105.532264,104.008264
"399-1-89",103.911128,100.863128
"399-1-9",66.007,62.959
"399-1-90",104.012936,100.961888
"399-1-91",104.212096,101.167144
"399-1-92",104.18356,101.13556
"399-1-93",104.261288,101.213288
"399-1-94",104.140848,101.095896
"399-1-95",103.758584,100.713632
"399-1-96",104.041576,100.996624
"399-1-97",103.90848,100.86048
"399-1-98",106.786008,105.262008
"399-1-99",106.747392,105.223392
"399-2-10",104.38144,96.79192
"399-2-11",105.5142,97.8942
"399-2-12",105.4062,97.69476
"399-2-13",105.44824,97.7368
"399-2-14",105.47664,97.7652
"399-2-15",105.4312,97.8112
"399-2-16",105.3482,97.63676
"399-2-17",105.36024,97.6488
"399-2-18",104.8036,97.09216
"399-2-19",105.331856,97.620416
"399-2-2",104.656,98.56
"399-2-20",105.4372,97.72576
"399-2-21",105.36072,97.64928
"399-2-22",104.68968,96.91728
"399-2-23",105.4262,97.71476
"399-2-24",104.8306,97.11916
"399-2-25",96.7404,78.4524
"399-2-26",105.771,104.247
"399-2-27",98.22344,97.61384
"399-2-28",102.0534,101.4438
"399-2-29",105.83844,104.31444
"399-2-3",NA,NA
"399-2-30",98.33188,97.72228
"399-2-31",102.0924,101.4828
"399-2-32",107.900608,103.32556
"399-2-33",108.37624,97.34248
"399-2-34",108.1904,103.6184
"399-2-37",107.8796,103.3076
"399-2-5",107.081296,102.506248
"399-2-7",105.36876,97.65732
"399-2-8",105.4762,97.76476
"399-2-9",104.706344,97.001
"399-3-10",NA,NA
"399-3-11",104.379,101.331
"399-3-18",107.664272,103.092272
"399-3-19",108.366608,100.706984
"399-3-20",108.182848,100.556752
"399-3-21",80.183832,77.132784
"399-3-22",80.316136,77.41444
"399-3-23",105.5652,97.9452
"399-3-24",105.5292,97.78728
"399-3-25",105.24332,97.53188
"399-3-26",105.2324,99.041912
"399-3-27",105.35928,97.61736
"399-3-28",105.26832,97.5264
"399-3-29",105.4492,97.73776
"399-3-30",105.732,104.208
"399-3-31",98.67064,98.06104
"399-3-32",102.02844,101.41884
"399-3-33",107.64104,103.06904
"399-3-34",109.203296,98.568824
"399-3-35",108.017568,103.445568
"399-3-37",108.261288,102.17748
"399-3-38",104.695232,104.08868
"399-3-9",104.836,101.788
"399-4-10",106.529,100.433
"399-4-11",107.026,102.454
"399-4-14",106.4076,100.302456
"399-4-15",106.747432,102.169336
"399-4-16",107.555864,99.893192
"399-4-9",105.1646,99.0686
"399-5-4B",107.6074,103.0354
"399-6-2",107.78908,103.12564
"399-6-3",107.70928,103.13728
"399-6-5",107.878472,103.306472
"399-8-5A",107.094,100.998
"399-8-5B",75.22184,71.93
"399-8-5C",64.26752,59.45168
"499-S1-8J",NA,NA
"699-10-E12",NA,NA
"699-100-43B",116.258688,113.1924
"699-101-45",117.02364,113.969544
"699-101-48B",NA,NA
"699-12-2C",116.97012,110.852784
"699-12-3A",118.01544,110.39544
"699-13-0A",116.689288,110.578048
"699-13-1A",NA,NA
"699-13-1B",NA,NA
"699-13-1C",NA,NA
"699-13-1E",117.883184,111.817664
"699-13-2D",118.251744,112.137456
"699-13-3",118.320352,110.706448
"699-13-3A",119.369488,113.2552
"699-14-38",NA,NA
"699-14-E6P",NA,NA
"699-14-E6Q",NA,NA
"699-14-E6R",NA,NA
"699-14-E6S",NA,NA
"699-15-15A",NA,NA
"699-15-15B",NA,NA
"699-17-47",-187.492,-208.828
"699-17-5",NA,NA
"699-18-21",110.34536,98.15336
"699-19-23",NA,NA
"699-19-43",NA,NA
"699-2-6A",120.445216,114.34312
"699-2-7",NA,NA
"699-20-E5A",NA,NA
"699-20-E5T",NA,NA
"699-21-6",NA,NA
"699-22-35",125.53948,114.87148
"699-23-34A",125.88716,121.22372
"699-23-34B",125.435,116.291
"699-24-1P",NA,NA
"699-24-1Q",NA,NA
"699-24-1R",NA,NA
"699-24-1S",NA,NA
"699-24-34A",125.734,121.162
"699-24-34B",125.7584,121.1864
"699-24-34C",125.8782,121.3062
"699-24-34D",123.009288,113.856144
"699-24-34E",121.970016,112.816872
"699-24-35",125.5286,120.9566
"699-24-36",122.974912,113.830912
"699-25-33A",103.3622,100.3142
"699-25-34A",NA,NA
"699-25-34B",122.64464,119.59664
"699-25-34C",125.71984,121.0564
"699-25-34D",125.26136,114.74576
"699-25-34E",123.038368,113.894368
"699-25-34F",122.59364,113.446592
"699-26-33",126.0492,119.9532
"699-26-33A",122.700096,113.556096
"699-26-34A",122.67944,119.63144
"699-26-34B",125.393824,114.756304
"699-26-35A",122.91808,119.87008
"699-26-35C",103.9226,100.8746
"699-26-38",123.092576,113.951624
"699-27-68",119.096928,109.94988
"699-28-40",NA,NA
"699-28-40Q",NA,NA
"699-29-55",103.953528,94.800384
"699-29-66",107.082872,100.986872
"699-29-70AP",NA,NA
"699-29-70AQ",NA,NA
"699-29-70CP",NA,NA
"699-29-70CQ",NA,NA
"699-29-70CR",NA,NA
"699-29-70CS",NA,NA
"699-29-70CT",NA,NA
"699-29-70CU",NA,NA
"699-30-57",124.505424,113.834376
"699-30-63",104.41168,92.21968
"699-30-66",92.355,89.307
"699-30-70",100.671952,91.521856
"699-30-73",131.448368,120.554816
"699-31-11",85.395,70.155
"699-31-17",NA,NA
"699-31-31",NA,NA
"699-31-31P",NA,NA
"699-31-31Q",NA,NA
"699-31-50",108.286224,96.091176
"699-31-53A",NA,NA
"699-31-53B",NA,NA
"699-31-68",129.9558,119.284752
"699-31-84B",-233.0424,-296.136
"699-32-22B",-78.24708,-96.9618
"699-32-59",111.238472,94.471424
"699-32-62",NA,NA
"699-32-62P",NA,NA
"699-32-64",114.861384,95.043288
"699-32-72A",NA,NA
"699-32-72B",138.987824,129.840776
"699-32-76",134.7794,124.1114
"699-32-77B",134.705128,127.057696
"699-33-42",NA,NA
"699-33-56",NA,NA
"699-33-74",134.3506,123.6826
"699-33-75",134.976,124.308
"699-33-76",135.5364,124.8684
"699-34-61",128.47416,122.37816
"699-34-72",133.729392,123.058344
"699-35-57",NA,NA
"699-35-58",NA,NA
"699-35-59",NA,NA
"699-35-70",NA,NA
"699-35-70C",131.795848,122.639656
"699-36-58A",NA,NA
"699-36-58B",NA,NA
"699-36-63B",113.786576,104.639528
"699-36-65",128.644264,121.027312
"699-36-66B",130.865184,120.194136
"699-36-67",135.648016,126.403432
"699-36-70A",136.747096,127.523848
"699-36-70B",133.97908,123.317176
"699-37-47A",124.34624,115.20224
"699-37-66",130.494616,119.823568
"699-37-67",129.549688,121.94188
"699-37-68",137.396808,128.24976
"699-37-E4",NA,NA
"699-38-61",125.42732,119.33132
"699-38-64",90.906328,66.531472
"699-38-64B",139.055072,108.572024
"699-38-68A",136.61504,127.47104
"699-38-70B",97.85884,93.280744
"699-38-70C",105.329736,100.75164
"699-39-68",134.810144,89.090144
"699-39-84CP",NA,NA
"699-39-84CQ",NA,NA
"699-39-84CR",NA,NA
"699-39-84CS",NA,NA
"699-39-84CT",NA,NA
"699-39-84CU",NA,NA
"699-4-E6",NA,NA
"699-40-36",97.512648,94.473792
"699-40-39",103.9872,100.7868
"699-40-40A",99.36952,96.178264
"699-40-40B",107.97556,104.77516
"699-40-65",129.467536,118.79344
"699-40-67",99.21324,68.882592
"699-40-70A",126.25816,77.477968
"699-41-23",NA,NA
"699-41-35",100.885912,97.78
"699-41-40",116.53228,113.36236
"699-41-42",113.807416,110.741128
"699-42-12A",NA,NA
"699-42-37",114.398696,111.35984
"699-42-39A",118.45588,115.28596
"699-42-39B",108.2716,105.0712
"699-42-40A",124.069,114.6202
"699-42-40B",127.244,121.148
"699-42-40C",73.1994,47.901
"699-42-41",132.03984,125.7
"699-42-42A",NA,NA
"699-42-42B",118.92208,115.6912
"699-42-67",103.38844,72.93892
"699-42-E9B",11.8056,0.771839999999997
"699-43-104",NA,NA
"699-43-40",130.40036,124.091
"699-43-41E",126.76904,123.53816
"699-43-41F",117.74,114.47864
"699-43-41G",110.65116,107.60316
"699-43-42J",129.49932,123.2814
"699-43-43B",123.256384,115.593712
"699-43-43C",123.836488,116.204296
"699-43-44",124.513344,118.4082
"699-43-44B",123.302192,115.673048
"699-43-44C",124.132544,116.509496
"699-43-44D",122.973944,115.3448
"699-43-44E",123.291528,115.659336
"699-43-45",126.4686,120.28116
"699-43-67",137.364664,119.06752
"699-43-67B",104.505312,76.9392
"699-43-69",104.55404,93.88604
"699-43-91AP",NA,NA
"699-43-91AQ",NA,NA
"699-43-91D",NA,NA
"699-43-91DP",NA,NA
"699-44-39B",126.21528,120.11928
"699-44-42",130.11796,123.961
"699-44-42B",124.52684,116.897696
"699-44-43B",129.49112,123.21224
"699-44-43C",124.067408,116.44436
"699-44-67",111.51092,81.0614
"699-44-70B",102.770848,96.665704
"699-44-70C",124.119976,118.023976
"699-45-65",NA,NA
"699-45-67",137.462808,122.21976
"699-45-67B",103.960952,85.666856
"699-45-67C",105.905344,99.809344
"699-45-69C",109.8114,105.2394
"699-46-32",NA,NA
"699-46-61",121.582088,115.394648
"699-46-61B",113.843624,107.744576
"699-46-68",154.642008,124.165056
"699-46-70",101.554,95.454952
"699-46-91",121.239976,119.737312
"699-47-50",99.085,88.417
"699-47-53B",123.232728,120.184728
"699-47-55",123.39796,120.38044
"699-47-78",132.777568,77.904424
"699-47-78B",134.83984,87.601936
"699-47-78C",134.727616,67.671616
"699-47-80DP",NA,NA
"699-48-50",126.569928,120.37944
"699-48-50B",123.32184,120.1824
"699-48-70",128.856744,98.373696
"699-48-77A",141.18248,135.08648
"699-48-77C",117.472,111.376
"699-48-77D",140.25344,134.15744
"699-48-96",54.618,46.998
"699-49-32B",NA,NA
"699-49-55A",NA,NA
"699-49-55B",108.763,93.2182
"699-49-57B",102.790408,99.63268
"699-49-69",124.1458,87.5698
"699-50-42",NA,NA
"699-50-42P",NA,NA
"699-50-45",NA,NA
"699-50-48B",NA,NA
"699-50-53B",104.758632,101.704536
"699-50-56",122.09524,119.04724
"699-50-59",122.871064,121.344016
"699-50-74",132.574968,121.90392
"699-50-85P",NA,NA
"699-51-36A",NA,NA
"699-51-46",NA,NA
"699-51-75",NA,NA
"699-51-75P",NA,NA
"699-52-46A",86.016,70.776
"699-52-48",NA,NA
"699-52-55",123.20296,120.15496
"699-52-55B",105.219392,100.647392
"699-53-35",NA,NA
"699-53-47B",126.2432,120.1472
"699-53-50",NA,NA
"699-53-55C",118.9924,108.934
"699-54-18B",NA,NA
"699-54-34",NA,NA
"699-54-37A",NA,NA
"699-54-45A",121.842,118.794
"699-54-45B",59.8298,55.2578
"699-54-48",122.2684,120.4396
"699-54-49",126.2354,118.6154
"699-54-57",129.888968,124.177016
"699-55-44",NA,NA
"699-55-55",126.62392,120.23836
"699-55-70P",NA,NA
"699-55-95P",NA,NA
"699-55-95Q",NA,NA
"699-56-43",NA,NA
"699-56-53",74.959,50.575
"699-57-59",125.167392,118.973856
"699-57-83BP",NA,NA
"699-57-83BQ",NA,NA
"699-57-83BR",NA,NA
"699-57-83C",NA,NA
"699-58-24",NA,NA
"699-59-32",NA,NA
"699-59-58",126.111,120.015
"699-60-27",111.238368,105.13932
"699-60-32",NA,NA
"699-60-57",100.25084,97.20284
"699-60-59",-301.7022,-320.50836
"699-60-60",119.78,118.256
"699-61-37",NA,NA
"699-61-57",-14.03,-44.2052
"699-62-31",NA,NA
"699-63-30",112.57692,104.944728
"699-63-58",NA,NA
"699-64-28",112.929992,106.833992
"699-64-62",NA,NA
"699-66-32",119.559648,118.035648
"699-66-58",NA,NA
"699-66-64",NA,NA
"699-66-91",NA,NA
"699-67-26",113.158856,111.634856
"699-67-51",NA,NA
"699-70-29",114.22,111.168952
"699-71-24",113.971304,107.902736
"699-71-30B",NA,NA
"699-71-30C",114.47112,112.944072
"699-71-34",116.08744,113.03944
"699-73-30",114.634928,113.110928
"699-73-61",NA,NA
"699-75-28",114.995408,110.411216
"699-75-31",115.2882,113.7642
"699-75-34B",117.129408,112.548264
"699-77-34B",114.93684,111.885792
"699-77-36B",117.369248,114.321248
"699-78-62",NA,NA
"699-8-17",NA,NA
"699-8-25",NA,NA
"699-8-32",NA,NA
"699-88-41A",119.0868,111.4668
"699-90-45",NA,NA
"699-90-45B",121.729008,111.05796
"699-90-47B",117.6832,111.5872
"699-91-46A",120.2446,113.90476
"699-92-49",NA,NA
"699-93-37A",117.43396,106.75072
"699-93-48A",120.98624,114.6464
"699-93-48C",120.931744,111.760312
"699-94-41",117.06468,114.01668
"699-94-43",117.590568,113.018568
"699-95-45",117.53272,114.48472
"699-95-45B",120.65704,114.56104
"699-95-45C",100.106072,97.048928
"699-95-46",104.748704,98.600888
"699-95-48",118.573152,112.477152
"699-95-48B",104.980824,103.456824
"699-95-48C",114.089,111.037952
"699-95-51",118.2712,112.1752
"699-96-41",118.279352,115.21916
"699-96-42",117.69256,114.64456
"699-96-42B",103.308608,97.20956
"699-96-43",118.83848,113.9312
"699-96-44",115.253776,112.193584
"699-96-45",115.15496,112.097816
"699-96-52B",117.472096,111.33952
"699-97-41",117.29176,111.19576
"699-97-43B",117.7616,114.7136
"699-97-43C",104.5698,103.0458
"699-97-45",118.50244,113.93044
"699-97-45B",109.0696,107.3932
"699-97-47B",115.684128,114.15708
"699-97-47C",118.126184,115.072088
"699-97-47D",110.734,107.682952
"699-97-48B",118.666992,112.5588
"699-97-48C",106.212,104.688
"699-97-60",104.941608,101.89056
"699-97-61",103.252008,100.20096
"699-98-43",116.509688,111.9194
"699-98-46",118.377352,115.320208
"699-98-50",108.337472,103.771568
"699-98-51",117.23208,112.66008
"699-99-41",116.39756,113.34956
"699-99-42B",116.2956,113.229312
"699-99-44",117.4534,114.4054
"699-S12-29",NA,NA
"699-S14-20A",NA,NA
"699-S19-E14",108.269176,101.93848
"699-S20-E10",106.450864,101.881912
"699-S22-E9A",107.42052,102.84852
"699-S22-E9B",72.293816,69.0416
"699-S22-E9C",61.2252,59.60976
"699-S27-E12A",107.4248,101.3288
"699-S27-E9A",108.680104,102.514
"699-S27-E9B",68.98524,65.733024
"699-S27-E9C",59.847,58.323
"699-S28-E12",107.99504,101.8076
"699-S28-E13A",107.3376,101.2416
"699-S29-E10A",107.8314,101.7354
"699-S29-E11",110.53932,104.13852
"699-S29-E12",NA,NA
"699-S29-E13A",107.6754,101.5794
"699-S29-E16A",107.4026,101.3066
"699-S29-E16B",87.3318,84.2838
"699-S29-E16C",65.447976,62.2872
"699-S30-E10A",109.03044,102.843
"699-S30-E10B",109.02012,102.81744
"699-S30-E11A",108.004,101.908
"699-S30-E15A",101.6786,98.6306
"699-S31-E10A",109.1108,102.92336
"699-S31-E10B",108.816336,104.1468
"699-S31-E10C",103.347816,100.29372
"699-S31-E10D",110.16836,103.98092
"699-S31-E10E",101.8852,89.6932
"699-S31-E11",109.234,103.01608
"699-S31-E8A",110.0238,103.9278
"699-S32-E13A",NA,NA
"699-S32-E13B",105.51,99.414
"699-S32-E8",93.3296,90.278552
"699-S34-E15",106.90312,103.64176
"699-S36-E13A",NA,NA
"699-S37-E14",109.34344,104.5276
"699-S41-E12",106.869576,103.504584
"699-S41-E13A",110.89844,106.14356
"699-S41-E13B",101.79832,98.68936
"699-S41-E13C",91.38348,88.24404
"699-S5-E2",NA,NA
"699-S5-E2B",NA,NA
"699-S6-E3",114.979552,105.835552
"699-S6-E3B",113.1526,108.55012
"699-S6-E4A",114.7252,108.72064
"699-S6-E4D",NA,NA
"699-S6-E4K",114.44456,109.87256
"699-S6-E4L",114.364104,109.789056
"C4937",NA,NA
"C4938",NA,NA
"C5340",NA,NA
"C5632",NA,NA
"C5633",NA,NA
"C5634",NA,NA
"C5635",NA,NA
"C5636",NA,NA
"C5637",NA,NA
"C5638",NA,NA
"C5641",NA,NA
"C5644",NA,NA
"C5673",NA,NA
"C5674",NA,NA
"C5676",NA,NA
"C5677",NA,NA
"C5678",NA,NA
"C5679",NA,NA
"C5680",NA,NA
"C5681",NA,NA
"C5682",NA,NA
"C6227",NA,NA
"C6228",NA,NA
"C6230",NA,NA
"C6231",NA,NA
"C6232",NA,NA
"C6233",NA,NA
"C6235",NA,NA
"C6236",NA,NA
"C6237",NA,NA
"C6238",NA,NA
"C6239",NA,NA
"C6240",NA,NA
"C6241",NA,NA
"C6242",NA,NA
"C6243",NA,NA
"C6244",NA,NA
"C6245",NA,NA
"C6246",NA,NA
"C6247",NA,NA
"C6248",NA,NA
"C6249",NA,NA
"C6250",NA,NA
"C6251",NA,NA
"C6252",NA,NA
"C6253",NA,NA
"C6254",NA,NA
"C6255",NA,NA
"C6256",NA,NA
"C6257",NA,NA
"C6258",NA,NA
"C6259",NA,NA
"C6260",NA,NA
"C6261",NA,NA
"C6263",NA,NA
"C6264",NA,NA
"C6265",NA,NA
"C6266",NA,NA
"C6267",NA,NA
"C6268",NA,NA
"C6269",NA,NA
"C6270",NA,NA
"C6271",NA,NA
"C6272",NA,NA
"C6275",NA,NA
"C6278",NA,NA
"C6281",NA,NA
"C6282",NA,NA
"C6284",NA,NA
"C6285",NA,NA
"C6286",NA,NA
"C6287",NA,NA
"C6288",NA,NA
"C6290",NA,NA
"C6291",NA,NA
"C6293",NA,NA
"C6296",NA,NA
"C6297",NA,NA
"C6299",NA,NA
"C6300",NA,NA
"C6301",NA,NA
"C6302",NA,NA
"C6303",NA,NA
"C6305",NA,NA
"C6306",NA,NA
"C6307",NA,NA
"C6308",NA,NA
"C6309",NA,NA
"C6311",NA,NA
"C6312",NA,NA
"C6314",NA,NA
"C6315",NA,NA
"C6316",NA,NA
"C6317",NA,NA
"C6318",NA,NA
"C6319",NA,NA
"C6320",NA,NA
"C6321",NA,NA
"C6322",NA,NA
"C6323",NA,NA
"C6324",NA,NA
"C6325",NA,NA
"C6326",NA,NA
"C6327",NA,NA
"C6328",NA,NA
"C6329",NA,NA
"C6330",NA,NA
"C6331",NA,NA
"C6332",NA,NA
"C6333",NA,NA
"C6334",NA,NA
"C6341",NA,NA
"C6342",NA,NA
"C6343",NA,NA
"C6344",NA,NA
"C6347",NA,NA
"C6348",NA,NA
"C6350",NA,NA
"C6351",NA,NA
"C6352",NA,NA
"C6353",NA,NA
"C6356",NA,NA
"C6359",NA,NA
"C6362",NA,NA
"C6365",NA,NA
"C6368",NA,NA
"C6371",NA,NA
"C6374",NA,NA
"C6375",NA,NA
"C6378",NA,NA
"C6380",NA,NA
"C6383",NA,NA
"C6384",NA,NA
"C7641",NA,NA
"C7642",NA,NA
"C7643",NA,NA
"C7645",NA,NA
"C7646",NA,NA
"C7647",NA,NA
"C7648",NA,NA
"C7649",NA,NA
"C7650",NA,NA
"C7934",NA,NA
"C7935",NA,NA
"C7936",NA,NA
"C7937",NA,NA
"C7938",NA,NA
"C7939",NA,NA
"C9619",NA,NA
"C9620",NA,NA
"C9621",NA,NA
"C9622",NA,NA
"C9623",NA,NA
"C9624",NA,NA
"DD-49-2.5",NA,NA
"ENW-MW-1",NA,NA
"ENW-MW-10",NA,NA
"ENW-MW-11",NA,NA
"ENW-MW-12",NA,NA
"ENW-MW-13",NA,NA
"ENW-MW-14",NA,NA
"ENW-MW-2",NA,NA
"ENW-MW-3",NA,NA
"ENW-MW-4",NA,NA
"ENW-MW-5",NA,NA
"ENW-MW-6",NA,NA
"ENW-MW-7",NA,NA
"ENW-MW-8",NA,NA
"ENW-MW-9",NA,NA
"N116mArray-0A",NA,NA
"N116mArray-15A",NA,NA
"N116mArray-16A",NA,NA
