NAME,XCOORDS,YCOORDS,TOP,BOT,OU,DIST,EVENT,ANALYTE
17-D,568480.003,146895.929,,,100-KR-4,23.197036313649075,2008-01-01,Hex. Chromium and Fil. Chromium
17-M,568480.003,146895.929,,,100-KR-4,23.197036313649075,2008-01-01,Hex. Chromium and Fil. Chromium
18-S,568712.6,147064.32,,,100-KR-4,18.29887466943776,2008-01-01,Hex. Chromium and Fil. Chromium
19-D,569032.057,147394.816,,,100-KR-4,14.550612800655584,2008-01-01,Hex. Chromium and Fil. Chromium
19-M,569031.891,147394.208,,,100-KR-4,14.854538286843418,2008-01-01,Hex. Chromium and Fil. Chromium
199-D1-1,573381.29,151558.09,119.83355199999998,110.69564799999999,100-HR-3-D,617.3349788565678,2008-01-01,Hex. Chromium and Fil. Chromium
199-D11-1,574429.62,152988.34,109.613176,108.058696,100-HR-3-D,453.0140863916195,2008-01-01,Hex. Chromium and Fil. Chromium
199-D11-2,575081.55,153367.05,104.21664,99.601968,100-HR-3-D,948.8243894714751,2008-01-01,Hex. Chromium and Fil. Chromium
199-D11-3,574113.93,153022.48,115.61595200000001,114.06147200000001,100-HR-3-D,143.0781713695102,2008-01-01,Hex. Chromium and Fil. Chromium
199-D2-10,574470.87,153465.19,117.288624,112.716624,100-HR-3-D,338.96877193449524,2008-01-01,Hex. Chromium and Fil. Chromium
199-D2-11,573328.16,151120.73,119.04566399999999,109.89251999999999,100-HR-3-D,878.513912830979,2008-01-01,Hex. Chromium and Fil. Chromium
199-D2-12,574343.45,153300.01,116.96216799999999,112.390168,100-HR-3-D,271.33318014144965,2008-01-01,Hex. Chromium and Fil. Chromium
199-D2-14,573504.05,151518.91,118.96229600000001,111.33315200000001,100-HR-3-D,733.5630442482966,2008-01-01,Hex. Chromium and Fil. Chromium
199-D2-6,573000.21,151119.86,119.76844,113.33716000000001,100-HR-3-D,640.3713822782211,2008-01-01,Hex. Chromium and Fil. Chromium
199-D3-2,572453.955,151165.653,117.82092,111.72492,100-HR-3-D,204.64608671274743,2008-01-01,Hex. Chromium and Fil. Chromium
199-D3-3,572482.542,151186.957,118.196208,109.13450399999999,100-HR-3-D,214.65939960033643,2008-01-01,Hex. Chromium and Fil. Chromium
199-D3-4,572468.159,151170.973,118.16696000000002,109.03515200000001,100-HR-3-D,212.78966573965897,2008-01-01,Hex. Chromium and Fil. Chromium
199-D3-5,572787.66,150994.54,121.55875999999999,112.41476,100-HR-3-D,571.560564230064,2008-01-01,Hex. Chromium and Fil. Chromium
199-D3-7,573001.56,150757.99,121.407896,112.25779999999999,100-HR-3-D,887.3210395616404,2008-01-01,Hex. Chromium and Fil. Chromium
199-D4-1,572752.848,151558.893,120.49368000000001,114.39158400000001,100-HR-3-D,159.2951288873225,2008-01-01,Hex. Chromium and Fil. Chromium
199-D4-10,572750.247,151540.441,118.72276799999999,114.16296,100-HR-3-D,170.05245161557497,2008-01-01,Hex. Chromium and Fil. Chromium
199-D4-101,572800.1,151425.94,118.85523999999998,112.756192,100-HR-3-D,284.84658195318934,2008-01-01,Hex. Chromium and Fil. Chromium
199-D4-102,572750.41,151458.68,114.17080800000001,112.64680800000001,100-HR-3-D,226.22685782958376,2008-01-01,Hex. Chromium and Fil. Chromium
199-D4-103,572749.45,151243.34,119.29709600000001,113.19500000000001,100-HR-3-D,373.16617335958585,2008-01-01,Hex. Chromium and Fil. Chromium
199-D4-11,572768.94,151554.139,118.92899200000001,114.36004000000001,100-HR-3-D,174.26904917730587,2008-01-01,Hex. Chromium and Fil. Chromium
199-D4-12,572771.583,151562.084,118.66994400000002,114.10404000000001,100-HR-3-D,170.74595257980914,2008-01-01,Hex. Chromium and Fil. Chromium
199-D4-13,572665.855,151424.474,121.05736,114.96136000000001,100-HR-3-D,188.12483637944575,2008-01-01,Hex. Chromium and Fil. Chromium
199-D4-14,572839.812,151641.64,120.27781600000002,114.16962400000001,100-HR-3-D,165.87088923770136,2008-01-01,Hex. Chromium and Fil. Chromium
199-D4-15,572936.636,151424.862,119.99332799999999,113.89732799999999,100-HR-3-D,384.98029449490843,2008-01-01,Hex. Chromium and Fil. Chromium
199-D4-19,572559.349,151282.037,119.669736,110.525736,100-HR-3-D,208.24677166828928,2008-01-01,Hex. Chromium and Fil. Chromium
199-D4-2,572768.371,151543.963,115.20648,113.68857600000001,100-HR-3-D,180.83154807876954,2008-01-01,Hex. Chromium and Fil. Chromium
199-D4-20,572794.042,151257.474,118.92816000000002,112.82301600000001,100-HR-3-D,395.93764054145004,2008-01-01,Hex. Chromium and Fil. Chromium
199-D4-21,572778.845,151569.801,118.622872,114.05696800000001,100-HR-3-D,170.74168488158747,2008-01-01,Hex. Chromium and Fil. Chromium
199-D4-22,572788.453,151539.293,119.95479999999999,113.85879999999999,100-HR-3-D,198.65249300442258,2008-01-01,Hex. Chromium and Fil. Chromium
199-D4-23,572672.455,151592.87,120.79436,114.69836000000001,100-HR-3-D,77.47633193604213,2008-01-01,Hex. Chromium and Fil. Chromium
199-D4-24,572699.894,151471.431,118.80280800000001,114.22776000000002,100-HR-3-D,180.7103847358444,2008-01-01,Hex. Chromium and Fil. Chromium
199-D4-25,572711.441,151476.238,117.929184,113.344992,100-HR-3-D,185.82059517003668,2008-01-01,Hex. Chromium and Fil. Chromium
199-D4-26,572712.326,151488.878,117.52766399999999,112.94347199999999,100-HR-3-D,177.79880538678452,2008-01-01,Hex. Chromium and Fil. Chromium
199-D4-27,572724.228,151493.48,117.88763999999998,113.30954399999999,100-HR-3-D,183.30799553420678,2008-01-01,Hex. Chromium and Fil. Chromium
199-D4-28,572725.087,151506.073,118.417624,113.839528,100-HR-3-D,175.29950186499576,2008-01-01,Hex. Chromium and Fil. Chromium
199-D4-29,572736.858,151510.687,118.64880799999999,114.07376,100-HR-3-D,180.70510018550283,2008-01-01,Hex. Chromium and Fil. Chromium
199-D4-3,572766.075,151546.12,115.16619999999999,113.64829599999999,100-HR-3-D,177.6812703582606,2008-01-01,Hex. Chromium and Fil. Chromium
199-D4-30,572737.443,151523.215,119.17996799999999,114.598824,100-HR-3-D,172.54170601761922,2008-01-01,Hex. Chromium and Fil. Chromium
199-D4-31,572749.468,151527.997,119.14443200000001,114.569384,100-HR-3-D,178.01702805077352,2008-01-01,Hex. Chromium and Fil. Chromium
199-D4-32,572790.871,151573.746,118.69449599999999,114.11639999999998,100-HR-3-D,176.79158623344364,2008-01-01,Hex. Chromium and Fil. Chromium
199-D4-33,572792.629,151585.936,118.17176,113.59976,100-HR-3-D,169.71383980369512,2008-01-01,Hex. Chromium and Fil. Chromium
199-D4-34,572804.601,151590.028,118.21968799999999,113.64159199999999,100-HR-3-D,175.62364664253826,2008-01-01,Hex. Chromium and Fil. Chromium
199-D4-35,572806.305,151602.279,118.72956799999999,114.14842399999999,100-HR-3-D,168.46476772570517,2008-01-01,Hex. Chromium and Fil. Chromium
199-D4-36,572818.193,151606.215,118.733664,114.15861600000001,100-HR-3-D,174.42037913799035,2008-01-01,Hex. Chromium and Fil. Chromium
199-D4-37,572820.293,151618.582,118.48682399999998,113.90567999999999,100-HR-3-D,167.47024767047085,2008-01-01,Hex. Chromium and Fil. Chromium
199-D4-38,572671.317,151537.856,119.860656,113.764656,100-HR-3-D,114.36576858701146,2008-01-01,Hex. Chromium and Fil. Chromium
199-D4-39,572747.453,151650.84,120.56879199999999,114.46669599999998,100-HR-3-D,92.32839172366151,2008-01-01,Hex. Chromium and Fil. Chromium
199-D4-4,572754.612,151571.609,119.75323200000001,113.66028,100-HR-3-D,151.86112209560676,2008-01-01,Hex. Chromium and Fil. Chromium
199-D4-40,572832.346,151622.634,118.66484,114.0014,100-HR-3-D,173.4664445849961,2008-01-01,Hex. Chromium and Fil. Chromium
199-D4-41,572834.105,151634.658,118.42244,113.85044,100-HR-3-D,166.50323655109904,2008-01-01,Hex. Chromium and Fil. Chromium
199-D4-42,572847.129,151642.441,119.84428,113.74828,100-HR-3-D,170.64830394672208,2008-01-01,Hex. Chromium and Fil. Chromium
199-D4-43,572849.647,151656.21,118.23880000000001,113.74300000000001,100-HR-3-D,163.04124738378385,2008-01-01,Hex. Chromium and Fil. Chromium
199-D4-44,572856.117,151665.631,117.56916000000001,112.99716000000001,100-HR-3-D,161.29215359970024,2008-01-01,Hex. Chromium and Fil. Chromium
199-D4-45,572868.0,151671.8,119.295384,113.29692,100-HR-3-D,165.71316928513525,2008-01-01,Hex. Chromium and Fil. Chromium
199-D4-46,572868.854,151684.937,117.506792,112.93479200000002,100-HR-3-D,157.3280666529996,2008-01-01,Hex. Chromium and Fil. Chromium
199-D4-47,572880.483,151690.132,117.8626,113.2906,100-HR-3-D,162.2319562171318,2008-01-01,Hex. Chromium and Fil. Chromium
199-D4-48,572881.3,151703.459,119.0732,112.9772,100-HR-3-D,153.68965361361168,2008-01-01,Hex. Chromium and Fil. Chromium
199-D4-49,572699.115,151458.694,118.24640000000001,113.6744,100-HR-3-D,188.8758434220186,2008-01-01,Hex. Chromium and Fil. Chromium
199-D4-5,572740.543,151556.5,116.53536799999999,113.37764,100-HR-3-D,151.97806396041577,2008-01-01,Hex. Chromium and Fil. Chromium
199-D4-50,572687.3,151454.007,117.928232,113.46291199999999,100-HR-3-D,183.48826341591231,2008-01-01,Hex. Chromium and Fil. Chromium
199-D4-51,572686.611,151441.402,118.225504,113.653504,100-HR-3-D,191.6287398901501,2008-01-01,Hex. Chromium and Fil. Chromium
199-D4-52,572674.91,151436.734,118.29322399999998,113.76389599999999,100-HR-3-D,186.311122402838,2008-01-01,Hex. Chromium and Fil. Chromium
199-D4-53,572674.099,151424.628,118.141352,113.630312,100-HR-3-D,194.02066920272765,2008-01-01,Hex. Chromium and Fil. Chromium
199-D4-54,572662.428,151419.728,118.11643999999998,113.60539999999999,100-HR-3-D,188.88395127814286,2008-01-01,Hex. Chromium and Fil. Chromium
199-D4-55,572659.029,151414.635,117.85712000000001,113.28816800000001,100-HR-3-D,189.9013543615726,2008-01-01,Hex. Chromium and Fil. Chromium
199-D4-56,572657.655,151402.283,118.221176,113.636984,100-HR-3-D,197.36971073175982,2008-01-01,Hex. Chromium and Fil. Chromium
199-D4-57,572645.941,151397.862,118.12467999999998,113.59839999999998,100-HR-3-D,191.87328516189595,2008-01-01,Hex. Chromium and Fil. Chromium
199-D4-58,572644.812,151385.354,118.05274400000002,113.538656,100-HR-3-D,199.626949484958,2008-01-01,Hex. Chromium and Fil. Chromium
199-D4-59,572633.324,151380.821,117.48678399999999,112.92087999999998,100-HR-3-D,194.3718337479526,2008-01-01,Hex. Chromium and Fil. Chromium
199-D4-6,572733.34,151577.919,120.182256,114.092352,100-HR-3-D,132.04949622961013,2008-01-01,Hex. Chromium and Fil. Chromium
199-D4-60,572632.367,151368.255,117.211992,112.700952,100-HR-3-D,202.29047465131188,2008-01-01,Hex. Chromium and Fil. Chromium
199-D4-61,572620.657,151363.701,116.83438399999999,112.30505599999998,100-HR-3-D,196.8881464353157,2008-01-01,Hex. Chromium and Fil. Chromium
199-D4-62,572619.521,151351.066,117.70872,110.143584,100-HR-3-D,204.7237867706396,2008-01-01,Hex. Chromium and Fil. Chromium
199-D4-63,572607.636,151346.844,117.38600000000001,109.86658400000002,100-HR-3-D,198.9664422960485,2008-01-01,Hex. Chromium and Fil. Chromium
199-D4-64,572606.946,151333.911,117.541112,109.94549599999999,100-HR-3-D,207.33106922073426,2008-01-01,Hex. Chromium and Fil. Chromium
199-D4-65,572594.767,151329.737,117.43633600000001,109.86815200000001,100-HR-3-D,201.3267914119382,2008-01-01,Hex. Chromium and Fil. Chromium
199-D4-66,572594.28,151316.861,117.69436799999998,110.12923199999999,100-HR-3-D,209.80011753528072,2008-01-01,Hex. Chromium and Fil. Chromium
199-D4-67,572581.859,151312.779,117.45844,109.92988,100-HR-3-D,203.5565944119415,2008-01-01,Hex. Chromium and Fil. Chromium
199-D4-68,572581.324,151299.838,118.52450400000001,109.392696,100-HR-3-D,212.03954211486393,2008-01-01,Hex. Chromium and Fil. Chromium
199-D4-69,572568.997,151295.692,117.736832,110.129024,100-HR-3-D,205.90832724534704,2008-01-01,Hex. Chromium and Fil. Chromium
199-D4-7,572760.866,151551.254,118.98209600000001,114.41924000000002,100-HR-3-D,170.36935902376186,2008-01-01,Hex. Chromium and Fil. Chromium
199-D4-70,572568.789,151282.677,118.17702399999999,110.557024,100-HR-3-D,214.68005714650562,2008-01-01,Hex. Chromium and Fil. Chromium
199-D4-71,572556.286,151278.503,118.923976,109.86227199999999,100-HR-3-D,208.439915827332,2008-01-01,Hex. Chromium and Fil. Chromium
199-D4-72,572554.432,151265.778,118.63838399999999,109.57667999999998,100-HR-3-D,215.81457542188673,2008-01-01,Hex. Chromium and Fil. Chromium
199-D4-73,572542.167,151262.724,118.6116,109.55904,100-HR-3-D,208.97981432020714,2008-01-01,Hex. Chromium and Fil. Chromium
199-D4-74,572539.801,151249.798,118.23048800000001,109.17792800000001,100-HR-3-D,216.1195579257552,2008-01-01,Hex. Chromium and Fil. Chromium
199-D4-75,572527.758,151246.947,118.13940799999999,109.11427999999998,100-HR-3-D,209.30722920189652,2008-01-01,Hex. Chromium and Fil. Chromium
199-D4-76,572526.06,151234.236,118.242576,109.18392,100-HR-3-D,216.78585423947192,2008-01-01,Hex. Chromium and Fil. Chromium
199-D4-77,572513.333,151231.008,118.57548,109.48939200000001,100-HR-3-D,209.73406450500323,2008-01-01,Hex. Chromium and Fil. Chromium
199-D4-78,572511.284,151218.263,118.31048799999999,109.25487999999999,100-HR-3-D,216.98048130804924,2008-01-01,Hex. Chromium and Fil. Chromium
199-D4-79,572498.237,151214.024,118.83761600000001,109.77896000000001,100-HR-3-D,210.38888656497318,2008-01-01,Hex. Chromium and Fil. Chromium
199-D4-8,572763.298,151552.647,117.183064,114.08324800000001,100-HR-3-D,171.18474360078244,2008-01-01,Hex. Chromium and Fil. Chromium
199-D4-80,572496.869,151202.591,118.732056,109.67035200000001,100-HR-3-D,216.69501046544713,2008-01-01,Hex. Chromium and Fil. Chromium
199-D4-81,572484.362,151199.64,118.56400000000001,109.49620000000002,100-HR-3-D,208.48133851422432,2008-01-01,Hex. Chromium and Fil. Chromium
199-D4-82,572470.262,151183.894,118.23540000000001,109.17674400000001,100-HR-3-D,206.69442641060024,2008-01-01,Hex. Chromium and Fil. Chromium
199-D4-83,572859.432,151723.418,119.4184,114.8464,100-HR-3-D,124.08633337373837,2008-01-01,Hex. Chromium and Fil. Chromium
199-D4-84,572568.043,151433.521,120.478488,112.864584,100-HR-3-D,110.71759530577586,2008-01-01,Hex. Chromium and Fil. Chromium
199-D4-85,572486.163,151324.202,119.53359999999999,110.3896,100-HR-3-D,126.06074852748083,2008-01-01,Hex. Chromium and Fil. Chromium
199-D4-86,572389.064,151202.144,119.20145600000001,110.07879200000002,100-HR-3-D,130.85990161785693,2008-01-01,Hex. Chromium and Fil. Chromium
199-D4-9,572758.204,151543.316,115.78704800000001,114.13503200000001,100-HR-3-D,173.8738248844559,2008-01-01,Hex. Chromium and Fil. Chromium
199-D4-92,572714.05,151486.31,118.222552,112.1296,100-HR-3-D,180.81446573043203,2008-01-01,Hex. Chromium and Fil. Chromium
199-D4-93,572710.39,151491.2,118.282584,112.17744,100-HR-3-D,174.79747341632347,2008-01-01,Hex. Chromium and Fil. Chromium
199-D4-95,572612.82,151226.7,119.24303200000001,108.565888,100-HR-3-D,285.1115798214754,2008-01-01,Hex. Chromium and Fil. Chromium
199-D4-96,572777.03,151519.78,117.3816,114.3336,100-HR-3-D,203.7150577460877,2008-01-01,Hex. Chromium and Fil. Chromium
199-D4-97,572906.23,151625.33,117.01712,112.44512,100-HR-3-D,225.40366968216108,2008-01-01,Hex. Chromium and Fil. Chromium
199-D4-98,572574.52,151481.65,118.65904,112.56304000000002,100-HR-3-D,82.43520085420302,2008-01-01,Hex. Chromium and Fil. Chromium
199-D4-99,572527.36,151377.08,119.47131999999999,110.32122399999999,100-HR-3-D,119.79766640468775,2008-01-01,Hex. Chromium and Fil. Chromium
199-D5-101,572943.04,151521.52,120.59009599999999,111.44304799999999,100-HR-3-D,323.37303523776256,2008-01-01,Hex. Chromium and Fil. Chromium
199-D5-103,573505.87,151460.87,119.13056,110.04751999999999,100-HR-3-D,774.6804679768399,2008-01-01,Hex. Chromium and Fil. Chromium
199-D5-104,573265.48,151422.43,119.664,110.52000000000001,100-HR-3-D,626.03750117415,2008-01-01,Hex. Chromium and Fil. Chromium
199-D5-106,573503.74,151597.97,122.89778399999999,112.23283199999999,100-HR-3-D,677.8288598471673,2008-01-01,Hex. Chromium and Fil. Chromium
199-D5-107,572932.37,151283.14,119.00496000000001,112.90896000000001,100-HR-3-D,479.04006329026726,2008-01-01,Hex. Chromium and Fil. Chromium
199-D5-108,572923.34,151222.9,118.84076000000002,112.74476000000001,100-HR-3-D,513.7673022114451,2008-01-01,Hex. Chromium and Fil. Chromium
199-D5-109,572917.37,151285.57,118.75407999999999,112.65807999999998,100-HR-3-D,466.4544362956094,2008-01-01,Hex. Chromium and Fil. Chromium
199-D5-110,572931.57,151277.61,119.57960000000001,113.48360000000001,100-HR-3-D,482.249079637189,2008-01-01,Hex. Chromium and Fil. Chromium
199-D5-114,572918.04,151223.75,118.99964,112.8122,100-HR-3-D,509.32627687596556,2008-01-01,Hex. Chromium and Fil. Chromium
199-D5-115,572923.15,151221.12,118.99816000000001,112.90216000000001,100-HR-3-D,514.8493640046353,2008-01-01,Hex. Chromium and Fil. Chromium
199-D5-123,573824.21,151639.41,120.162952,107.891704,100-HR-3-D,839.21976148635,2008-01-01,Hex. Chromium and Fil. Chromium
199-D5-125,573667.39,151746.18,119.90570400000001,111.32558400000002,100-HR-3-D,659.2229116817089,2008-01-01,Hex. Chromium and Fil. Chromium
199-D5-126,573705.71,151843.28,119.24300000000001,110.09900000000002,100-HR-3-D,605.2531199977296,2008-01-01,Hex. Chromium and Fil. Chromium
199-D5-127,572992.26,151428.31,119.63192800000002,113.53897600000002,100-HR-3-D,423.1091431273868,2008-01-01,Hex. Chromium and Fil. Chromium
199-D5-13,573535.527,151955.183,120.39175999999999,114.08239999999999,100-HR-3-D,413.0711420043715,2008-01-01,Hex. Chromium and Fil. Chromium
199-D5-130,574039.2,151928.51,118.312608,113.734512,100-HR-3-D,739.7205317743757,2008-01-01,Hex. Chromium and Fil. Chromium
199-D5-131,573684.39,152006.75,119.00833600000001,111.38833600000001,100-HR-3-D,462.3426404911926,2008-01-01,Hex. Chromium and Fil. Chromium
199-D5-132,573875.35,151586.87,119.722968,112.102968,100-HR-3-D,912.0090440233485,2008-01-01,Hex. Chromium and Fil. Chromium
199-D5-133,573731.55,151497.37,120.58204799999999,111.444144,100-HR-3-D,895.969912446012,2008-01-01,Hex. Chromium and Fil. Chromium
199-D5-134,573675.32,151862.46,103.47287999999998,100.39439999999999,100-HR-3-D,571.5730428552089,2008-01-01,Hex. Chromium and Fil. Chromium
199-D5-14,573789.632,151787.99,120.37892,113.94763999999999,100-HR-3-D,700.1089084221347,2008-01-01,Hex. Chromium and Fil. Chromium
199-D5-141,573243.43,151424.51,95.13715199999999,92.09219999999999,100-HR-3-D,608.5596206409973,2008-01-01,Hex. Chromium and Fil. Chromium
199-D5-142,573791.87,151563.26,119.70054400000001,116.6434,100-HR-3-D,880.1578091231983,2008-01-01,Hex. Chromium and Fil. Chromium
199-D5-143,573701.53,151784.26,119.35548,111.73548,100-HR-3-D,649.6473955555288,2008-01-01,Hex. Chromium and Fil. Chromium
199-D5-145,573215.62,151396.28,121.86716,109.67516,100-HR-3-D,607.669297131477,2008-01-01,Hex. Chromium and Fil. Chromium
199-D5-146,573219.79,151345.59,120.737088,110.059944,100-HR-3-D,645.4582628863946,2008-01-01,Hex. Chromium and Fil. Chromium
199-D5-147,572993.13,151380.78,121.589504,112.445504,100-HR-3-D,456.3292837023163,2008-01-01,Hex. Chromium and Fil. Chromium
199-D5-148,573361.48,151083.48,122.620688,110.42564,100-HR-3-D,928.3087842247419,2008-01-01,Hex. Chromium and Fil. Chromium
199-D5-149,573327.62,151461.82,113.962256,110.917304,100-HR-3-D,644.267813883828,2008-01-01,Hex. Chromium and Fil. Chromium
199-D5-15,573738.61,151673.75,120.34992,113.91864,100-HR-3-D,760.0045637170173,2008-01-01,Hex. Chromium and Fil. Chromium
199-D5-150,573429.42,151401.85,120.70296,111.555912,100-HR-3-D,759.4912754350789,2008-01-01,Hex. Chromium and Fil. Chromium
199-D5-151,573312.03,151391.88,121.031912,111.878768,100-HR-3-D,680.8699127289565,2008-01-01,Hex. Chromium and Fil. Chromium
199-D5-152,573300.18,151349.1,120.41410400000001,111.254864,100-HR-3-D,701.573603078573,2008-01-01,Hex. Chromium and Fil. Chromium
199-D5-153,573329.77,151992.82,119.242144,111.61299999999999,100-HR-3-D,258.36798552069575,2008-01-01,Hex. Chromium and Fil. Chromium
199-D5-154,573632.26,151831.74,120.68714400000002,111.53704800000001,100-HR-3-D,569.8870076813084,2008-01-01,Hex. Chromium and Fil. Chromium
199-D5-159,573474.25,151910.82,120.84433599999998,113.224336,100-HR-3-D,411.18592542517797,2008-01-01,Hex. Chromium and Fil. Chromium
199-D5-16,573917.45,151652.51,120.80948000000001,114.46964000000001,100-HR-3-D,885.3466355922726,2008-01-01,Hex. Chromium and Fil. Chromium
199-D5-160,573517.16,151429.17,120.81599999999999,111.67199999999998,100-HR-3-D,804.632969129779,2008-01-01,Hex. Chromium and Fil. Chromium
199-D5-162,573596.21,151387.07,120.894392,111.689432,100-HR-3-D,891.0432662966157,2008-01-01,Hex. Chromium and Fil. Chromium
199-D5-163,573547.93,151350.27,119.20039999999999,111.50115199999999,100-HR-3-D,881.1269535933111,2008-01-01,Hex. Chromium and Fil. Chromium
199-D5-17,573730.52,151322.83,120.28503999999998,113.92996,100-HR-3-D,1032.8606891470008,2008-01-01,Hex. Chromium and Fil. Chromium
199-D5-18,573861.7,151325.18,121.77312,114.0312,100-HR-3-D,1111.8114001689444,2008-01-01,Hex. Chromium and Fil. Chromium
199-D5-19,573849.12,151243.19,119.13895999999998,112.98199999999999,100-HR-3-D,1169.3760497095093,2008-01-01,Hex. Chromium and Fil. Chromium
199-D5-20,573239.97,152030.15,119.74223999999998,113.34143999999999,100-HR-3-D,174.22832929116186,2008-01-01,Hex. Chromium and Fil. Chromium
199-D5-32,573372.04,151903.39,119.456088,111.81779999999999,100-HR-3-D,355.11096459024134,2008-01-01,Hex. Chromium and Fil. Chromium
199-D5-33,573095.03,151714.54,120.09179999999999,112.57847999999998,100-HR-3-D,301.6823048605717,2008-01-01,Hex. Chromium and Fil. Chromium
199-D5-34,573240.42,151554.12,120.323976,112.688736,100-HR-3-D,517.5071616749117,2008-01-01,Hex. Chromium and Fil. Chromium
199-D5-36,572909.823,151746.32,120.294624,114.19862400000001,100-HR-3-D,145.06793638707694,2008-01-01,Hex. Chromium and Fil. Chromium
199-D5-37,573092.236,151916.365,119.358656,114.783608,100-HR-3-D,161.27612662207056,2008-01-01,Hex. Chromium and Fil. Chromium
199-D5-38,572996.824,151545.593,119.00502399999999,112.90597600000001,100-HR-3-D,346.0218099468885,2008-01-01,Hex. Chromium and Fil. Chromium
199-D5-39,573142.858,151428.428,119.586904,113.47566400000001,100-HR-3-D,532.6596396855675,2008-01-01,Hex. Chromium and Fil. Chromium
199-D5-40,573003.258,151272.017,118.82085599999999,112.721808,100-HR-3-D,538.2706537229053,2008-01-01,Hex. Chromium and Fil. Chromium
199-D5-41,573358.16,151792.191,118.5928,112.4968,100-HR-3-D,435.11249179463874,2008-01-01,Hex. Chromium and Fil. Chromium
199-D5-42,573479.771,151622.674,118.559792,112.454648,100-HR-3-D,643.650295918195,2008-01-01,Hex. Chromium and Fil. Chromium
199-D5-43,573179.976,151269.43,119.85224,112.223096,100-HR-3-D,668.6903872647845,2008-01-01,Hex. Chromium and Fil. Chromium
199-D5-44,572993.581,151835.736,119.09695999999998,114.52496,100-HR-3-D,144.7375133176987,2008-01-01,Hex. Chromium and Fil. Chromium
199-D5-92,573131.93,152009.82,119.41078399999999,113.00388799999999,100-HR-3-D,124.87520283528357,2008-01-01,Hex. Chromium and Fil. Chromium
199-D5-97,573250.11,151302.47,119.33999999999999,110.196,100-HR-3-D,697.0937139564846,2008-01-01,Hex. Chromium and Fil. Chromium
199-D6-3,574159.09,151643.85,120.73172,113.11171999999999,100-HR-3-D,1038.7694328765147,2008-01-01,Hex. Chromium and Fil. Chromium
199-D7-3,574151.38,152363.41,120.97305599999999,110.30200799999999,100-HR-3-D,461.94324718254916,2008-01-01,Hex. Chromium and Fil. Chromium
199-D7-6,574429.2,152980.43,120.31398399999999,114.19359999999999,100-HR-3-D,455.15613646198886,2008-01-01,Hex. Chromium and Fil. Chromium
199-D7-7,574433.17,152667.9,105.44595199999999,100.877,100-HR-3-D,508.6631050106749,2008-01-01,Hex. Chromium and Fil. Chromium
199-D8-101,574069.46,152262.43,118.17029600000001,115.122296,100-HR-3-D,492.55798702223893,2008-01-01,Hex. Chromium and Fil. Chromium
199-D8-102,573661.84,152076.09,117.8932,110.27319999999999,100-HR-3-D,393.53274531272797,2008-01-01,Hex. Chromium and Fil. Chromium
199-D8-4,573447.185,152090.212,120.66279999999999,114.56679999999999,100-HR-3-D,252.13131350973694,2008-01-01,Hex. Chromium and Fil. Chromium
199-D8-5,573537.146,152243.497,118.9686,112.87259999999999,100-HR-3-D,184.80307294772507,2008-01-01,Hex. Chromium and Fil. Chromium
199-D8-53,573889.86,152452.26,119.17699999999999,112.9286,100-HR-3-D,232.7024488875139,2008-01-01,Hex. Chromium and Fil. Chromium
199-D8-54A,573781.17,152408.03,119.17480000000002,112.74352000000002,100-HR-3-D,201.95898124939117,2008-01-01,Hex. Chromium and Fil. Chromium
199-D8-54B,573768.24,152398.65,95.27148,92.04060000000001,100-HR-3-D,201.5762964711983,2008-01-01,Hex. Chromium and Fil. Chromium
199-D8-55,573620.954,152364.345,120.78972,114.44988000000001,100-HR-3-D,139.53543303638884,2008-01-01,Hex. Chromium and Fil. Chromium
199-D8-6,573434.693,152060.822,118.746,112.55856,100-HR-3-D,267.92498655740053,2008-01-01,Hex. Chromium and Fil. Chromium
199-D8-68,573711.67,152427.1,120.1936,112.57360000000001,100-HR-3-D,144.64903081934403,2008-01-01,Hex. Chromium and Fil. Chromium
199-D8-69,573843.61,152552.201,119.218872,113.12592000000001,100-HR-3-D,125.1881803805225,2008-01-01,Hex. Chromium and Fil. Chromium
199-D8-70,573942.097,152508.741,119.4512,110.30720000000001,100-HR-3-D,219.4700688601508,2008-01-01,Hex. Chromium and Fil. Chromium
199-D8-71,573837.097,152429.388,119.6962,110.55220000000001,100-HR-3-D,218.89200238336085,2008-01-01,Hex. Chromium and Fil. Chromium
199-D8-72,573570.481,152211.774,118.65814400000002,112.71454400000002,100-HR-3-D,230.24251177809924,2008-01-01,Hex. Chromium and Fil. Chromium
199-D8-73,573388.7,152167.38,120.063808,114.876112,100-HR-3-D,155.3051310341669,2008-01-01,Hex. Chromium and Fil. Chromium
199-D8-88,573292.33,152141.26,118.40873599999999,111.992696,100-HR-3-D,117.63285948469687,2008-01-01,Hex. Chromium and Fil. Chromium
199-D8-89,573478.64,152249.65,117.65615999999999,114.60511199999999,100-HR-3-D,144.43099294278042,2008-01-01,Hex. Chromium and Fil. Chromium
199-D8-90,573948.64,152646.23,118.517832,110.894784,100-HR-3-D,114.1149711433968,2008-01-01,Hex. Chromium and Fil. Chromium
199-D8-91,574036.89,152741.44,117.516032,111.42308,100-HR-3-D,107.22501879776141,2008-01-01,Hex. Chromium and Fil. Chromium
199-D8-93,574148.7,153085.8,117.33876000000001,115.811712,100-HR-3-D,155.67574151339562,2008-01-01,Hex. Chromium and Fil. Chromium
199-D8-94,574047.82,152949.53,117.243048,112.664952,100-HR-3-D,93.07523832174589,2008-01-01,Hex. Chromium and Fil. Chromium
199-D8-95,573611.96,152160.61,118.95414400000001,112.861192,100-HR-3-D,296.07899627160293,2008-01-01,Hex. Chromium and Fil. Chromium
199-D8-96,573706.0,152152.24,119.120664,113.024664,100-HR-3-D,359.7626583699422,2008-01-01,Hex. Chromium and Fil. Chromium
199-D8-97,573859.56,152087.42,120.77382399999999,111.617632,100-HR-3-D,504.42645246146077,2008-01-01,Hex. Chromium and Fil. Chromium
199-D8-98,574013.12,152123.02,120.373984,112.74483999999998,100-HR-3-D,569.2423297138957,2008-01-01,Hex. Chromium and Fil. Chromium
199-D8-99,574006.77,152364.37,119.79828800000001,112.17219200000001,100-HR-3-D,373.4845835760349,2008-01-01,Hex. Chromium and Fil. Chromium
199-H1-1,576702.31,153384.49,118.0326,113.4606,100-HR-3-H,562.9311200954046,2008-01-01,Hex. Chromium and Fil. Chromium
199-H1-2,576451.07,153378.26,117.33807999999999,114.29007999999999,100-HR-3-H,705.5504555031234,2008-01-01,Hex. Chromium and Fil. Chromium
199-H1-25,576279.64,154069.97,119.432512,113.33956,100-HR-3-H,179.1215244763594,2008-01-01,Hex. Chromium and Fil. Chromium
199-H1-27,576403.86,154024.21,119.23684,113.14084,100-HR-3-H,160.15668656529124,2008-01-01,Hex. Chromium and Fil. Chromium
199-H1-3,576163.04,153372.22,118.8084,115.7604,100-HR-3-H,848.1165790071271,2008-01-01,Hex. Chromium and Fil. Chromium
199-H1-32,576767.07,153766.0,120.59899999999999,114.50299999999999,100-HR-3-H,210.2824456753359,2008-01-01,Hex. Chromium and Fil. Chromium
199-H1-33,576833.29,153716.23,119.0766,114.50460000000001,100-HR-3-H,214.5912939967492,2008-01-01,Hex. Chromium and Fil. Chromium
199-H1-34,576883.13,153667.06,118.46952,113.89752,100-HR-3-H,227.54927636307025,2008-01-01,Hex. Chromium and Fil. Chromium
199-H1-35,576958.26,153628.14,117.7986,113.22659999999999,100-HR-3-H,217.88189891191584,2008-01-01,Hex. Chromium and Fil. Chromium
199-H1-36,576885.62,153486.51,118.4456,113.87360000000001,100-HR-3-H,375.9359492145661,2008-01-01,Hex. Chromium and Fil. Chromium
199-H1-37,577106.92,153641.63,118.277648,113.69650399999999,100-HR-3-H,123.67685938768399,2008-01-01,Hex. Chromium and Fil. Chromium
199-H1-38,577161.0,153555.01,118.15670399999999,113.581656,100-HR-3-H,165.33419089254716,2008-01-01,Hex. Chromium and Fil. Chromium
199-H1-39,577223.54,153533.4,118.55659999999999,113.9846,100-HR-3-H,148.33759272546868,2008-01-01,Hex. Chromium and Fil. Chromium
199-H1-4,575826.78,153366.87,118.365144,115.317144,100-HR-3-H,1013.0593082239135,2008-01-01,Hex. Chromium and Fil. Chromium
199-H1-40,577279.34,153500.19,118.94059999999999,114.36859999999999,100-HR-3-H,144.72762576772146,2008-01-01,Hex. Chromium and Fil. Chromium
199-H1-42,577127.18,153391.65,116.043976,112.99292799999999,100-HR-3-H,319.73684126754404,2008-01-01,Hex. Chromium and Fil. Chromium
199-H1-43,577213.74,153384.28,115.5944,112.5464,100-HR-3-H,277.51412684306166,2008-01-01,Hex. Chromium and Fil. Chromium
199-H1-45,577240.96,153062.41,116.050472,111.472376,100-HR-3-H,529.3246240044721,2008-01-01,Hex. Chromium and Fil. Chromium
199-H1-46,576986.9,153456.95,113.483176,111.946984,100-HR-3-H,343.90128209562477,2008-01-01,Hex. Chromium and Fil. Chromium
199-H1-47,577185.49,153309.63,118.93516000000001,112.83916,100-HR-3-H,355.2160910430183,2008-01-01,Hex. Chromium and Fil. Chromium
199-H1-48,577185.11,153237.89,119.171328,113.075328,100-HR-3-H,414.94095296667183,2008-01-01,Hex. Chromium and Fil. Chromium
199-H1-49,577249.67,153144.38,119.125384,111.505384,100-HR-3-H,456.4617456132775,2008-01-01,Hex. Chromium and Fil. Chromium
199-H1-5,574850.72,153090.3,119.091816,111.46571999999999,100-HR-3-D,819.078297196649,2008-01-01,Hex. Chromium and Fil. Chromium
199-H1-50,576878.89,153481.09,105.63815199999999,99.54215199999999,100-HR-3-H,384.1903129499466,2008-01-01,Hex. Chromium and Fil. Chromium
199-H1-51,576724.88,153595.73,117.342856,114.30399999999999,100-HR-3-H,375.09130865218003,2008-01-01,Hex. Chromium and Fil. Chromium
199-H1-6,576037.81,153745.74,117.55287200000001,114.504872,100-HR-3-H,579.4104897634767,2008-01-01,Hex. Chromium and Fil. Chromium
199-H1-7,577629.6,153172.1,118.2508,115.2028,100-HR-3-H,204.77610296814385,2008-01-01,Hex. Chromium and Fil. Chromium
199-H2-1,577752.31,153239.89,103.851992,100.803992,100-HR-3-H,69.29805331558025,2008-01-01,Hex. Chromium and Fil. Chromium
199-H3-10,577545.14,152723.52,96.894272,93.846272,100-HR-3-H,576.2877598572558,2008-01-01,Hex. Chromium and Fil. Chromium
199-H3-11,577786.74,152490.41,117.38915999999999,114.32591999999998,100-HR-3-H,527.9463065563137,2008-01-01,Hex. Chromium and Fil. Chromium
199-H3-12,577842.32,152838.62,102.678856,98.106856,100-HR-3-H,277.4549710571757,2008-01-01,Hex. Chromium and Fil. Chromium
199-H3-13,577950.58,152815.48,100.260312,95.688312,100-HR-3-H,203.75529669140195,2008-01-01,Hex. Chromium and Fil. Chromium
199-H3-15,578256.53,152489.19,102.659624,98.026664,100-HR-3-H,149.54889635790852,2008-01-01,Hex. Chromium and Fil. Chromium
199-H3-21,578127.91,152630.66,111.93164,110.40764,100-HR-3-H,169.79811696938222,2008-01-01,Hex. Chromium and Fil. Chromium
199-H3-22,577897.07,152847.99,105.259,96.11500000000001,100-HR-3-H,227.7384896000087,2008-01-01,Hex. Chromium and Fil. Chromium
199-H3-25,577410.36,152978.49,117.51924,111.420192,100-HR-3-H,497.0174676902163,2008-01-01,Hex. Chromium and Fil. Chromium
199-H3-26,577440.83,152846.5,116.64719199999999,112.069096,100-HR-3-H,566.4122028431091,2008-01-01,Hex. Chromium and Fil. Chromium
199-H3-28,577655.35,152822.58,101.328424,95.232424,100-HR-3-H,428.18013350183685,2008-01-01,Hex. Chromium and Fil. Chromium
199-H3-29,577921.46,152884.22,103.466,100.41799999999999,100-HR-3-H,186.65993999897125,2008-01-01,Hex. Chromium and Fil. Chromium
199-H3-2A,577624.63,152750.04,115.50919999999999,112.4612,100-HR-3-H,500.56890024288066,2008-01-01,Hex. Chromium and Fil. Chromium
199-H3-2B,577628.271,152757.164,,,100-HR-3-H,493.00944968554836,2008-01-01,Hex. Chromium and Fil. Chromium
199-H3-2C,577632.065,152750.302,,,100-HR-3-H,495.02258353511866,2008-01-01,Hex. Chromium and Fil. Chromium
199-H3-3,577562.091,152363.166,119.21379999999999,113.1178,100-HR-3-H,784.3818915835722,2008-01-01,Hex. Chromium and Fil. Chromium
199-H3-30,578100.23,152712.09,107.827496,101.72844799999999,100-HR-3-H,144.04649326101307,2008-01-01,Hex. Chromium and Fil. Chromium
199-H3-31,578150.81,152364.01,106.901552,103.853552,100-HR-3-H,308.79053212292865,2008-01-01,Hex. Chromium and Fil. Chromium
199-H3-32,577709.81,153063.5,101.89924800000001,98.8482,100-HR-3-H,222.0859008484706,2008-01-01,Hex. Chromium and Fil. Chromium
199-H3-33,577857.16,152950.79,105.69004799999999,102.639,100-HR-3-H,193.7945109354463,2008-01-01,Hex. Chromium and Fil. Chromium
199-H3-34,577552.95,153178.11,111.51233599999999,108.46433599999999,100-HR-3-H,255.92405331524984,2008-01-01,Hex. Chromium and Fil. Chromium
199-H3-35,577910.51,153052.06,104.88852800000001,97.253288,100-HR-3-H,85.18569551315915,2008-01-01,Hex. Chromium and Fil. Chromium
199-H3-36,577949.24,153013.72,105.342992,97.713848,100-HR-3-H,83.78310951666136,2008-01-01,Hex. Chromium and Fil. Chromium
199-H3-37,578181.66,152665.49,107.939384,101.83424,100-HR-3-H,105.8529949667975,2008-01-01,Hex. Chromium and Fil. Chromium
199-H3-38,578009.87,152685.73,107.97194400000001,101.8668,100-HR-3-H,232.53364405424966,2008-01-01,Hex. Chromium and Fil. Chromium
199-H3-39,578127.76,152636.89,108.729008,102.587288,100-HR-3-H,166.23998287429833,2008-01-01,Hex. Chromium and Fil. Chromium
199-H3-4,577544.287,152293.21,120.0602,112.4402,100-HR-3-H,840.0627726933178,2008-01-01,Hex. Chromium and Fil. Chromium
199-H3-5,577454.697,152287.496,118.36619999999999,112.27019999999999,100-HR-3-H,915.7358544326621,2008-01-01,Hex. Chromium and Fil. Chromium
199-H3-6,578266.47,152425.33,118.01739999999998,111.92139999999999,100-HR-3-H,179.24047690724063,2008-01-01,Hex. Chromium and Fil. Chromium
199-H3-7,577931.74,152279.97,117.708056,113.136056,100-HR-3-H,535.2093797023425,2008-01-01,Hex. Chromium and Fil. Chromium
199-H3-9,578039.12,152913.6,102.54692800000001,99.498928,100-HR-3-H,74.35835397351532,2008-01-01,Hex. Chromium and Fil. Chromium
199-H4-10,577827.209,153155.813,,,100-HR-3-H,73.46203592487656,2008-01-01,Hex. Chromium and Fil. Chromium
199-H4-11,578141.906,152728.433,114.5736,111.5256,100-HR-3-H,100.76268772709753,2008-01-01,Hex. Chromium and Fil. Chromium
199-H4-12A,578009.151,152912.729,115.03999999999999,111.83959999999999,100-HR-3-H,99.05754569376789,2008-01-01,Hex. Chromium and Fil. Chromium
199-H4-12B,578004.385,152918.467,,,100-HR-3-H,99.51505276350844,2008-01-01,Hex. Chromium and Fil. Chromium
199-H4-12C,578011.772,152919.812,,,100-HR-3-H,92.75948323621279,2008-01-01,Hex. Chromium and Fil. Chromium
199-H4-13,578219.304,152595.273,,,100-HR-3-H,116.94178732309824,2008-01-01,Hex. Chromium and Fil. Chromium
199-H4-15A,577904.313,153053.42,,,100-HR-3-H,88.71573384573657,2008-01-01,Hex. Chromium and Fil. Chromium
199-H4-15B,577899.598,153059.548,,,100-HR-3-H,87.8753457132584,2008-01-01,Hex. Chromium and Fil. Chromium
199-H4-15CP,577907.681,153059.983,,,100-HR-3-H,81.74167328418984,2008-01-01,Hex. Chromium and Fil. Chromium
199-H4-15CQ,577907.681,153059.983,,,100-HR-3-H,81.74167328418984,2008-01-01,Hex. Chromium and Fil. Chromium
199-H4-15CR,577907.681,153059.983,,,100-HR-3-H,81.74167328418984,2008-01-01,Hex. Chromium and Fil. Chromium
199-H4-15CS,577907.681,153059.983,,,100-HR-3-H,81.74167328418984,2008-01-01,Hex. Chromium and Fil. Chromium
199-H4-16,577981.91,152591.573,,,100-HR-3-H,310.7024811537838,2008-01-01,Hex. Chromium and Fil. Chromium
199-H4-17,577779.175,153037.635,,,100-HR-3-H,189.94093403426538,2008-01-01,Hex. Chromium and Fil. Chromium
199-H4-18,578018.292,152756.478,116.90899999999999,113.861,100-HR-3-H,183.95626145340665,2008-01-01,Hex. Chromium and Fil. Chromium
199-H4-2,578093.552,152501.475,,,100-HR-3-H,273.81620863828243,2008-01-01,Hex. Chromium and Fil. Chromium
199-H4-4,578060.859,152853.956,,,100-HR-3-H,92.03841056339621,2008-01-01,Hex. Chromium and Fil. Chromium
199-H4-45,578156.386,152433.394,117.3744,111.03456,100-HR-3-H,263.31537816843627,2008-01-01,Hex. Chromium and Fil. Chromium
199-H4-46,577883.861,152439.868,117.58424,111.2444,100-HR-3-H,479.41824337106965,2008-01-01,Hex. Chromium and Fil. Chromium
199-H4-47,577891.179,152553.297,117.72776,111.38792000000001,100-HR-3-H,406.52612921422906,2008-01-01,Hex. Chromium and Fil. Chromium
199-H4-49,577713.83,152445.154,118.0326,113.24724,100-HR-3-H,613.5106102598422,2008-01-01,Hex. Chromium and Fil. Chromium
199-H4-5,577944.937,152939.783,,,100-HR-3-H,134.90089700555964,2008-01-01,Hex. Chromium and Fil. Chromium
199-H4-6,577585.316,152888.391,,,100-HR-3-H,433.1518546182357,2008-01-01,Hex. Chromium and Fil. Chromium
199-H4-63,578185.825,152665.531,116.522616,110.43576,100-HR-3-H,102.46765042822159,2008-01-01,Hex. Chromium and Fil. Chromium
199-H4-64,577946.11,153010.582,118.64436,112.54836,100-HR-3-H,88.2141902173583,2008-01-01,Hex. Chromium and Fil. Chromium
199-H4-65,577998.259,152787.285,116.93689600000002,113.88889600000002,100-HR-3-H,181.92942548603028,2008-01-01,Hex. Chromium and Fil. Chromium
199-H4-69,578014.05,152686.66,115.44039999999998,112.38935199999999,100-HR-3-H,228.61118755134206,2008-01-01,Hex. Chromium and Fil. Chromium
199-H4-70,578003.82,152646.45,115.888,112.84000000000002,100-HR-3-H,260.6131219115915,2008-01-01,Hex. Chromium and Fil. Chromium
199-H4-71,578010.64,152581.53,116.052808,111.471664,100-HR-3-H,293.44851759943214,2008-01-01,Hex. Chromium and Fil. Chromium
199-H4-72,578036.28,152500.14,116.205096,111.627,100-HR-3-H,320.82278748963637,2008-01-01,Hex. Chromium and Fil. Chromium
199-H4-73,577940.58,152369.98,116.1294,110.02730400000002,100-HR-3-H,474.9193238790249,2008-01-01,Hex. Chromium and Fil. Chromium
199-H4-74,577239.07,152268.83,118.3446,113.77260000000001,100-HR-3-H,1100.769009111208,2008-01-01,Hex. Chromium and Fil. Chromium
199-H4-75,577212.36,152704.64,118.0264,113.4544,100-HR-3-H,829.4854302151994,2008-01-01,Hex. Chromium and Fil. Chromium
199-H4-76,576787.32,152976.85,118.3774,115.32939999999999,100-HR-3-H,853.6220953862638,2008-01-01,Hex. Chromium and Fil. Chromium
199-H4-77,576487.79,152975.43,117.951424,114.90647200000001,100-HR-3-H,1022.0627120250379,2008-01-01,Hex. Chromium and Fil. Chromium
199-H4-8,577860.691,152921.704,,,100-HR-3-H,211.38385411934402,2008-01-01,Hex. Chromium and Fil. Chromium
199-H4-80,575238.97,152568.16,119.83323999999999,109.16523999999998,100-HR-3-D,1319.0115119572363,2008-01-01,Hex. Chromium and Fil. Chromium
199-H4-81,575236.93,153035.36,119.150248,113.0512,100-HR-3-D,1202.4787618851142,2008-01-01,Hex. Chromium and Fil. Chromium
199-H4-82,574906.99,152677.72,119.647232,113.575616,100-HR-3-D,975.2267152370672,2008-01-01,Hex. Chromium and Fil. Chromium
199-H4-83,578135.04,152634.01,116.77311999999999,113.72511999999999,100-HR-3-H,162.06587398433615,2008-01-01,Hex. Chromium and Fil. Chromium
199-H4-84,577902.58,152848.73,117.18028000000001,114.13228000000001,100-HR-3-H,222.85493679537814,2008-01-01,Hex. Chromium and Fil. Chromium
199-H4-85,577980.02,152880.81,119.680528,113.58452799999999,100-HR-3-H,141.41615535431143,2008-01-01,Hex. Chromium and Fil. Chromium
199-H4-86,577704.55,152745.65,118.420808,110.794712,100-HR-3-H,443.538867953159,2008-01-01,Hex. Chromium and Fil. Chromium
199-H4-87,577736.16,152667.79,117.95716,111.85201599999999,100-HR-3-H,464.01070770566866,2008-01-01,Hex. Chromium and Fil. Chromium
199-H4-88,577850.51,152833.59,119.3346,114.76259999999999,100-HR-3-H,273.81619936215293,2008-01-01,Hex. Chromium and Fil. Chromium
199-H4-89,577923.32,152893.98,118.621184,114.064424,100-HR-3-H,179.3950735323049,2008-01-01,Hex. Chromium and Fil. Chromium
199-H4-90,577922.94,152592.59,107.06965599999998,102.49155999999999,100-HR-3-H,357.6903414457961,2008-01-01,Hex. Chromium and Fil. Chromium
199-H4-91,578126.58,152524.1,106.82203999999999,102.25003999999998,100-HR-3-H,233.80139822264218,2008-01-01,Hex. Chromium and Fil. Chromium
199-H4-92,576723.3,152233.84,112.104344,110.5712,100-HR-3-H,1505.7436277068698,2008-01-01,Hex. Chromium and Fil. Chromium
199-H4-93,577025.75,152703.33,113.88488000000001,112.36088000000001,100-HR-3-H,947.3800946059187,2008-01-01,Hex. Chromium and Fil. Chromium
199-H4-94,577243.91,153068.67,103.594392,95.88295199999999,100-HR-3-H,522.4842457489848,2008-01-01,Hex. Chromium and Fil. Chromium
199-H4-95,577466.12,153034.7,108.38224799999999,102.2832,100-HR-3-H,417.8662293126839,2008-01-01,Hex. Chromium and Fil. Chromium
199-H5-16,576906.8,151646.31,112.62436000000001,110.88090400000002,100-HR-3-H,1736.5438904623468,2008-01-01,Hex. Chromium and Fil. Chromium
199-H5-1A,577650.08,152257.724,117.56496,112.65768,100-HR-3-H,775.6449962436753,2008-01-01,Hex. Chromium and Fil. Chromium
199-H6-1,578236.557,152247.63,117.21928000000001,110.87944,100-HR-3-H,308.32245373602177,2008-01-01,Hex. Chromium and Fil. Chromium
199-H6-2,577886.5,152194.11,116.88891199999999,113.84091199999999,100-HR-3-H,622.4232108489537,2008-01-01,Hex. Chromium and Fil. Chromium
199-H6-3,578340.4,151929.35,117.1234,109.50340000000001,100-HR-3-H,412.48488918246824,2008-01-01,Hex. Chromium and Fil. Chromium
199-H6-4,577771.59,151737.1,117.73288000000001,110.11288,100-HR-3-H,985.0463543594728,2008-01-01,Hex. Chromium and Fil. Chromium
199-H6-9,578240.37,152235.5,106.327096,103.273,100-HR-3-H,312.40886614419907,2008-01-01,Hex. Chromium and Fil. Chromium
199-H7-1,575643.15,153389.04,108.14632800000001,103.57128,100-HR-3-H,1041.8966117154303,2008-01-01,Hex. Chromium and Fil. Chromium
199-K-107A,568579.94,146468.81,120.797176,114.48476799999999,100-KR-4,430.60523010308265,2008-01-01,Hex. Chromium and Fil. Chromium
199-K-108A,568687.2,146396.14,121.63612,115.43343999999999,100-KR-4,551.5948036254507,2008-01-01,Hex. Chromium and Fil. Chromium
199-K-11,568938.002,146617.756,,,100-KR-4,513.4803080983958,2008-01-01,Hex. Chromium and Fil. Chromium
199-K-110A,569230.007,146677.91,122.04048,115.71588,100-KR-4,655.6210700552574,2008-01-01,Hex. Chromium and Fil. Chromium
199-K-111A,569308.169,146968.875,121.263632,115.15544,100-KR-4,509.25570403967805,2008-01-01,Hex. Chromium and Fil. Chromium
199-K-112A,570278.602,148503.439,120.17564,112.53430399999999,100-KR-4,124.29367872890403,2008-01-01,Hex. Chromium and Fil. Chromium
199-K-113A,570098.07,148294.453,119.847096,113.735856,100-KR-4,143.257874363309,2008-01-01,Hex. Chromium and Fil. Chromium
199-K-114A,570020.302,148280.55,119.31705600000001,114.729816,100-KR-4,97.82692267855165,2008-01-01,Hex. Chromium and Fil. Chromium
199-K-115A,569939.988,148135.417,120.218872,111.056584,100-KR-4,142.99160501640404,2008-01-01,Hex. Chromium and Fil. Chromium
199-K-116A,569871.149,147960.495,120.532824,103.69872000000001,100-KR-4,217.27974974860444,2008-01-01,Hex. Chromium and Fil. Chromium
199-K-117A,569702.56,147976.977,118.5436,106.379032,100-KR-4,85.96466306881736,2008-01-01,Hex. Chromium and Fil. Chromium
199-K-118A,569703.057,147865.898,120.365264,108.08487199999999,100-KR-4,164.53203400780646,2008-01-01,Hex. Chromium and Fil. Chromium
199-K-119A,569661.802,147649.688,121.47328000000002,106.23328000000001,100-KR-4,287.4789505170014,2008-01-01,Hex. Chromium and Fil. Chromium
199-K-120A,569399.615,147518.477,119.4178,96.5578,100-KR-4,192.4342538892886,2008-01-01,Hex. Chromium and Fil. Chromium
199-K-124A,569867.938,146991.673,118.05488,115.00688,100-KR-4,895.3608083999782,2008-01-01,Hex. Chromium and Fil. Chromium
199-K-125A,569712.872,147866.006,120.4204,108.22840000000001,100-KR-4,171.42529922196343,2008-01-01,Hex. Chromium and Fil. Chromium
199-K-126,570574.731,148509.648,120.102832,114.00683200000002,100-KR-4,330.1932653807534,2008-01-01,Hex. Chromium and Fil. Chromium
199-K-127,569539.234,147539.002,116.90866399999999,101.66561599999999,100-KR-4,278.385150788439,2008-01-01,Hex. Chromium and Fil. Chromium
199-K-129,570283.65,148503.07,120.0388,112.4188,100-KR-4,128.13792436327526,2008-01-01,Hex. Chromium and Fil. Chromium
199-K-13,569037.727,146682.13,,,100-KR-4,518.844072925238,2008-01-01,Hex. Chromium and Fil. Chromium
199-K-130,570478.99,148661.18,119.66568000000001,110.4912,100-KR-4,155.51191317386332,2008-01-01,Hex. Chromium and Fil. Chromium
199-K-131,570662.0,148903.85,118.615216,109.46512000000001,100-KR-4,134.39496229041796,2008-01-01,Hex. Chromium and Fil. Chromium
199-K-132,568495.12,146670.82,120.70890400000002,113.091952,100-KR-4,216.41757140045405,2008-01-01,Hex. Chromium and Fil. Chromium
199-K-133,570560.09,148536.26,120.30611999999999,110.97923999999999,100-KR-4,301.0587623280943,2008-01-01,Hex. Chromium and Fil. Chromium
199-K-134,570600.09,148525.3,120.497256,111.365448,100-KR-4,337.1787641982959,2008-01-01,Hex. Chromium and Fil. Chromium
199-K-135,570589.3,148484.1,120.44564,111.277256,100-KR-4,358.52744532119596,2008-01-01,Hex. Chromium and Fil. Chromium
199-K-136,570549.02,148494.98,120.24099199999999,111.08479999999999,100-KR-4,322.2649552716023,2008-01-01,Hex. Chromium and Fil. Chromium
199-K-137,568653.37,146374.51,128.16199999999998,112.92199999999998,100-KR-4,549.9610205108422,2008-01-01,Hex. Chromium and Fil. Chromium
199-K-138,568395.22,146616.64,119.48392,108.81592,100-KR-4,203.64543744624612,2008-01-01,Hex. Chromium and Fil. Chromium
199-K-139,568551.39,146518.39,123.42172,112.75371999999999,100-KR-4,373.6095593646151,2008-01-01,Hex. Chromium and Fil. Chromium
199-K-140,568493.07,146493.66,123.3556,112.68759999999999,100-KR-4,360.4966033394509,2008-01-01,Hex. Chromium and Fil. Chromium
199-K-141,569024.22,146818.49,119.3216,108.65360000000001,100-KR-4,410.01008298887973,2008-01-01,Hex. Chromium and Fil. Chromium
199-K-142,569104.26,146870.94,119.8454,111.31099999999999,100-KR-4,430.9849930518919,2008-01-01,Hex. Chromium and Fil. Chromium
199-K-143,570934.41,148088.28,119.52864,108.87588,100-KR-4,882.2890118082568,2008-01-01,Hex. Chromium and Fil. Chromium
199-K-144,569163.34,147265.96,120.51736000000001,97.65736000000001,100-KR-4,198.50096813234086,2008-01-01,Hex. Chromium and Fil. Chromium
199-K-145,569284.6,147425.66,120.02159999999999,89.54159999999999,100-KR-4,174.43666906217092,2008-01-01,Hex. Chromium and Fil. Chromium
199-K-146,570197.6,148379.78,119.8846,112.2646,100-KR-4,153.84926757979068,2008-01-01,Hex. Chromium and Fil. Chromium
199-K-147,570411.64,148558.07,117.3876,111.2916,100-KR-4,180.29209890733262,2008-01-01,Hex. Chromium and Fil. Chromium
199-K-148,570584.74,148767.86,119.82700000000001,107.635,100-KR-4,155.52142243020447,2008-01-01,Hex. Chromium and Fil. Chromium
199-K-152,570736.25,148585.89,128.2064,105.34640000000002,100-KR-4,391.1980821110357,2008-01-01,Hex. Chromium and Fil. Chromium
199-K-153,570530.04,148210.08,128.267,106.931,100-KR-4,509.39556735468614,2008-01-01,Hex. Chromium and Fil. Chromium
199-K-154,570321.06,148027.01,124.3964,106.1084,100-KR-4,489.9114362279882,2008-01-01,Hex. Chromium and Fil. Chromium
199-K-157,569432.18,147167.94,127.13268,96.65267999999998,100-KR-4,459.77129875767554,2008-01-01,Hex. Chromium and Fil. Chromium
199-K-158,568627.45,146164.41,126.57392000000002,112.85792000000001,100-KR-4,707.381519000344,2008-01-01,Hex. Chromium and Fil. Chromium
199-K-159,570911.73,149159.61,126.90539999999999,105.5694,100-KR-4,179.9572351376518,2008-01-01,Hex. Chromium and Fil. Chromium
199-K-160,570919.58,149116.02,126.11759999999998,104.7816,100-KR-4,212.45631072962357,2008-01-01,Hex. Chromium and Fil. Chromium
199-K-161,570004.64,148202.3,119.3192,111.6992,100-KR-4,141.80430901015043,2008-01-01,Hex. Chromium and Fil. Chromium
199-K-162,569340.0,147459.97,120.11648,86.58848,100-KR-4,190.3418693852696,2008-01-01,Hex. Chromium and Fil. Chromium
199-K-163,570230.66,147947.93,126.75883999999999,105.42284,100-KR-4,481.4042352543053,2008-01-01,Hex. Chromium and Fil. Chromium
199-K-165,568674.96,146342.42,128.3902,94.8622,100-KR-4,588.6320271682915,2008-01-01,Hex. Chromium and Fil. Chromium
199-K-166,568594.56,146342.97,124.4252,93.9452,100-KR-4,542.1510212550216,2008-01-01,Hex. Chromium and Fil. Chromium
199-K-168,568544.37,146513.63,111.912832,93.68884,100-KR-4,373.49321902251694,2008-01-01,Hex. Chromium and Fil. Chromium
199-K-171,570544.03,147187.86,135.6876,99.11160000000001,100-KR-4,1239.1089628589023,2008-01-01,Hex. Chromium and Fil. Chromium
199-K-174,568915.38,146222.47,127.42912000000001,109.14112,100-KR-4,824.622120420807,2008-01-01,Hex. Chromium and Fil. Chromium
199-K-175,568882.72,146008.84,126.89418400000001,108.60618400000001,100-KR-4,981.0781108255233,2008-01-01,Hex. Chromium and Fil. Chromium
199-K-178,568963.01,146954.43,124.21661599999999,105.913376,100-KR-4,271.44924632881754,2008-01-01,Hex. Chromium and Fil. Chromium
199-K-18,569353.687,147400.811,,,100-KR-4,241.3415314275615,2008-01-01,Hex. Chromium and Fil. Chromium
199-K-181,568849.75,146892.82,124.99939999999998,106.71139999999998,100-KR-4,237.43113927050103,2008-01-01,Hex. Chromium and Fil. Chromium
199-K-182,571185.32,148350.24,125.87907200000001,106.04878400000001,100-KR-4,885.4936317734398,2008-01-01,Hex. Chromium and Fil. Chromium
199-K-183,568302.28,146439.7,126.0034,107.71540000000002,100-KR-4,295.508365237704,2008-01-01,Hex. Chromium and Fil. Chromium
199-K-184,568618.68,146366.32,106.93656000000001,93.22056,100-KR-4,536.815480708478,2008-01-01,Hex. Chromium and Fil. Chromium
199-K-185,568574.92,146726.17,122.88319999999999,93.9272,100-KR-4,216.72291178847476,2008-01-01,Hex. Chromium and Fil. Chromium
199-K-186,569209.65,146625.36,123.557216,105.26311999999999,100-KR-4,677.5742208857482,2008-01-01,Hex. Chromium and Fil. Chromium
199-K-187,569499.0,146054.68,101.36743999999999,95.27143999999998,100-KR-4,1297.3635458663164,2008-01-01,Hex. Chromium and Fil. Chromium
199-K-188,569386.9,146370.05,122.42756,111.75956,100-KR-4,983.6741557928259,2008-01-01,Hex. Chromium and Fil. Chromium
199-K-189,569150.27,146809.68,122.7178,95.2858,100-KR-4,506.65802413409324,2008-01-01,Hex. Chromium and Fil. Chromium
199-K-19,569458.517,147386.64,,,100-KR-4,326.4822775860372,2008-01-01,Hex. Chromium and Fil. Chromium
199-K-190,568835.28,146873.27,106.91148799999999,94.71034399999999,100-KR-4,245.175829609629,2008-01-01,Hex. Chromium and Fil. Chromium
199-K-191,569711.2,146886.65,127.91796000000001,112.674912,100-KR-4,855.8964847302216,2008-01-01,Hex. Chromium and Fil. Chromium
199-K-192,569393.17,147294.32,80.65404000000001,77.60604000000001,100-KR-4,343.80548951139707,2008-01-01,Hex. Chromium and Fil. Chromium
199-K-193,570641.99,146969.58,104.85576,95.71176,100-KR-4,1462.3654709654884,2008-01-01,Hex. Chromium and Fil. Chromium
199-K-194,571315.65,147281.98,124.28956000000001,113.62156000000002,100-KR-4,1720.7381157240245,2008-01-01,Hex. Chromium and Fil. Chromium
199-K-196,568433.3,146639.26,122.975008,94.025104,100-KR-4,206.9007052430633,2008-01-01,Hex. Chromium and Fil. Chromium
199-K-197,569348.77,147528.77,103.64040800000001,94.496408,100-KR-4,148.75907904260777,2008-01-01,Hex. Chromium and Fil. Chromium
199-K-198,569304.19,147551.86,119.385384,107.190336,100-KR-4,100.6768915576832,2008-01-01,Hex. Chromium and Fil. Chromium
199-K-199,569339.76,147585.3,105.4368,96.2928,100-KR-4,102.94760023210378,2008-01-01,Hex. Chromium and Fil. Chromium
199-K-20,569520.516,147687.239,,,100-KR-4,160.7154414433316,2008-01-01,Hex. Chromium and Fil. Chromium
199-K-200,569426.14,147253.55,121.519296,118.46824799999999,100-KR-4,395.85470159646286,2008-01-01,Hex. Chromium and Fil. Chromium
199-K-201,570092.13,148069.13,119.16451199999999,116.113464,100-KR-4,297.69759196827397,2008-01-01,Hex. Chromium and Fil. Chromium
199-K-202,569101.45,146792.64,122.72332,95.29131999999998,100-KR-4,483.4590820096264,2008-01-01,Hex. Chromium and Fil. Chromium
199-K-203,569212.43,146848.9,122.22838399999999,94.76895199999998,100-KR-4,524.0005361500974,2008-01-01,Hex. Chromium and Fil. Chromium
199-K-204,568648.34,146572.85,103.702392,94.558392,100-KR-4,384.46320856542536,2008-01-01,Hex. Chromium and Fil. Chromium
199-K-205,568845.67,146090.86,123.61647199999999,93.13342399999999,100-KR-4,892.6186681426323,2008-01-01,Hex. Chromium and Fil. Chromium
199-K-206,568734.33,146049.54,110.5068,95.263752,100-KR-4,862.7531269471338,2008-01-01,Hex. Chromium and Fil. Chromium
199-K-207,569409.77,146979.8,121.82575999999999,95.91775999999999,100-KR-4,574.6124365392934,2008-01-01,Hex. Chromium and Fil. Chromium
199-K-208,569291.76,147170.23,121.79345599999999,94.23343999999999,100-KR-4,357.3417519343608,2008-01-01,Hex. Chromium and Fil. Chromium
199-K-209,572552.36,147065.85,123.372736,105.10911999999999,100-KR-4,2756.972699169981,2008-01-01,Hex. Chromium and Fil. Chromium
199-K-21,569769.902,147932.06,,,100-KR-4,165.4095962360213,2008-01-01,Hex. Chromium and Fil. Chromium
199-K-210,569058.13,147155.25,120.7342,90.232864,100-KR-4,199.9967918221022,2008-01-01,Hex. Chromium and Fil. Chromium
199-K-212,569954.44,148047.71,119.869976,106.14178399999999,100-KR-4,215.0109538244501,2008-01-01,Hex. Chromium and Fil. Chromium
199-K-22,570023.697,148097.376,,,100-KR-4,229.216588192626,2008-01-01,Hex. Chromium and Fil. Chromium
199-K-220,569356.26,146417.51,128.95432,99.986128,100-KR-4,928.1477474816608,2008-01-01,Hex. Chromium and Fil. Chromium
199-K-221,569129.42,146753.91,120.69564,108.4884,100-KR-4,530.4980715493376,2008-01-01,Hex. Chromium and Fil. Chromium
199-K-222,569186.8,146730.47,122.622008,108.90905599999999,100-KR-4,588.0155398487171,2008-01-01,Hex. Chromium and Fil. Chromium
199-K-223,568781.07,146145.09,122.81354400000001,92.33964,100-KR-4,811.1713815915164,2008-01-01,Hex. Chromium and Fil. Chromium
199-K-224,568735.26,146205.95,122.0944,91.611352,100-KR-4,735.0457115002491,2008-01-01,Hex. Chromium and Fil. Chromium
199-K-225,569281.56,146457.77,126.847776,99.397488,100-KR-4,847.8033467520272,2008-01-01,Hex. Chromium and Fil. Chromium
199-K-226,569186.87,147038.68,122.261104,91.76586400000001,100-KR-4,373.5707186320181,2008-01-01,Hex. Chromium and Fil. Chromium
199-K-227,569538.69,146851.61,123.872776,91.859632,100-KR-4,756.4024226336869,2008-01-01,Hex. Chromium and Fil. Chromium
199-K-228,569393.12,146775.64,121.703152,94.271152,100-KR-4,704.7387691351832,2008-01-01,Hex. Chromium and Fil. Chromium
199-K-229,568867.99,146311.08,122.77761600000001,89.155128,100-KR-4,724.839779734075,2008-01-01,Hex. Chromium and Fil. Chromium
199-K-230,568738.15,146759.31,114.955552,93.610408,100-KR-4,283.0029093621727,2008-01-01,Hex. Chromium and Fil. Chromium
199-K-231,569511.98,146643.38,122.90898399999999,94.05661599999999,100-KR-4,882.1371197213213,2008-01-01,Hex. Chromium and Fil. Chromium
199-K-232,569245.51,147313.89,120.823408,94.909312,100-KR-4,224.15107524273293,2008-01-01,Hex. Chromium and Fil. Chromium
199-K-233,571520.78,148090.24,123.61903999999998,109.88779999999998,100-KR-4,1309.875165904145,2008-01-01,Hex. Chromium and Fil. Chromium
199-K-234,569005.78,146874.03,123.58368000000002,96.139488,100-KR-4,358.1158833628189,2008-01-01,Hex. Chromium and Fil. Chromium
199-K-235,568829.62,146115.87,123.66471999999999,111.47271999999998,100-KR-4,862.9242447900044,2008-01-01,Hex. Chromium and Fil. Chromium
199-K-236,568856.97,146074.39,123.50204,111.31004,100-KR-4,912.5917462315587,2008-01-01,Hex. Chromium and Fil. Chromium
199-K-238,569321.99,146973.92,122.81863999999999,92.19538399999999,100-KR-4,515.669580582714,2008-01-01,Hex. Chromium and Fil. Chromium
199-K-239,569039.99,146693.01,122.597392,96.66805599999999,100-KR-4,511.8201260203242,2008-01-01,Hex. Chromium and Fil. Chromium
199-K-240,569381.94,146378.11,123.16862400000001,95.709192,100-KR-4,974.4032849825078,2008-01-01,Hex. Chromium and Fil. Chromium
199-K-242,568511.73,146682.09,122.544656,93.603896,100-KR-4,216.6867939782464,2008-01-01,Hex. Chromium and Fil. Chromium
199-K-31,568177.564,146591.114,,,100-KR-4,99.96315079663883,2008-01-01,Hex. Chromium and Fil. Chromium
199-K-32A,569024.15,147006.68,121.84443999999999,115.74843999999999,100-KR-4,278.991220834639,2008-01-01,Hex. Chromium and Fil. Chromium
199-K-32B,569012.4,147004.81,87.833,84.785,100-KR-4,271.8549294926435,2008-01-01,Hex. Chromium and Fil. Chromium
199-K-34,568605.78,146501.94,122.35788,116.26187999999999,100-KR-4,418.23583446641805,2008-01-01,Hex. Chromium and Fil. Chromium
199-K-36,569373.69,146390.47,123.4758,117.37980000000002,100-KR-4,959.7512246963685,2008-01-01,Hex. Chromium and Fil. Chromium
199-K-37,570216.203,148226.542,121.56316,115.46715999999999,100-KR-4,274.9586918138677,2008-01-01,Hex. Chromium and Fil. Chromium
21-M,569603.828,148039.275,,,100-KR-4,28.00783404444937,2008-01-01,Hex. Chromium and Fil. Chromium
22-D,569951.313,148359.468,,,100-KR-4,6.7287415037116665,2008-01-01,Hex. Chromium and Fil. Chromium
22-M,569951.313,148359.468,,,100-KR-4,6.7287415037116665,2008-01-01,Hex. Chromium and Fil. Chromium
23-M,570225.5,148592.7,,,100-KR-4,23.736000654386626,2008-01-01,Hex. Chromium and Fil. Chromium
36-D,573120.65,152146.43,,,100-HR-3-D,9.410694109874987,2008-01-01,Hex. Chromium and Fil. Chromium
36-M,573120.65,152146.43,,,100-HR-3-D,9.410694109874987,2008-01-01,Hex. Chromium and Fil. Chromium
36-S,573120.65,152146.43,,,100-HR-3-D,9.410694109874987,2008-01-01,Hex. Chromium and Fil. Chromium
38-M,573471.85,152368.72,,,100-HR-3-D,45.636087269582504,2008-01-01,Hex. Chromium and Fil. Chromium
43-M,576782.564,153963.57,,,100-HR-3-H,33.00347389471358,2008-01-01,Hex. Chromium and Fil. Chromium
44-M,577033.113,153810.532,,,100-HR-3-H,24.77753057556093,2008-01-01,Hex. Chromium and Fil. Chromium
45-D,577597.84,153493.801,,,100-HR-3-H,27.828123957761676,2008-01-01,Hex. Chromium and Fil. Chromium
45-M,577597.84,153493.801,,,100-HR-3-H,27.828123957761676,2008-01-01,Hex. Chromium and Fil. Chromium
45-S,577597.84,153493.801,,,100-HR-3-H,27.828123957761676,2008-01-01,Hex. Chromium and Fil. Chromium
47-D,578193.394,152744.421,,,100-HR-3-H,49.77030176761546,2008-01-01,Hex. Chromium and Fil. Chromium
47-M,578193.919,152743.533,,,100-HR-3-H,49.87104620460954,2008-01-01,Hex. Chromium and Fil. Chromium
48-M,578465.52,152420.795,,,100-HR-3-H,21.286430057525656,2008-01-01,Hex. Chromium and Fil. Chromium
48-S,578465.52,152420.795,,,100-HR-3-H,21.286430057525656,2008-01-01,Hex. Chromium and Fil. Chromium
49-D,578699.755,152232.861,,,100-HR-3-H,56.75376409766532,2008-01-01,Hex. Chromium and Fil. Chromium
50-M,578611.816,152118.084,,,100-HR-3-H,81.9951180834528,2008-01-01,Hex. Chromium and Fil. Chromium
50-S,578611.792,152118.154,,,100-HR-3-H,81.97314681100539,2008-01-01,Hex. Chromium and Fil. Chromium
51-D,578779.254,151843.755,,,100-HR-3-H,66.1083696644108,2008-01-01,Hex. Chromium and Fil. Chromium
51-M,578779.254,151843.755,,,100-HR-3-H,66.1083696644108,2008-01-01,Hex. Chromium and Fil. Chromium
51-S,578779.254,151843.755,,,100-HR-3-H,66.1083696644108,2008-01-01,Hex. Chromium and Fil. Chromium
52-D,578919.484,151586.176,,,100-HR-3-H,14.643524389726721,2008-01-01,Hex. Chromium and Fil. Chromium
52-M,578919.484,151586.176,,,100-HR-3-H,14.643524389726721,2008-01-01,Hex. Chromium and Fil. Chromium
52-S,578919.484,151586.176,,,100-HR-3-H,14.643524389726721,2008-01-01,Hex. Chromium and Fil. Chromium
54-D,579033.518,151231.944,,,100-HR-3-H,18.628078129814778,2008-01-01,Hex. Chromium and Fil. Chromium
54-M,579033.518,151231.944,,,100-HR-3-H,18.628078129814778,2008-01-01,Hex. Chromium and Fil. Chromium
54-S,579033.518,151231.944,,,100-HR-3-H,18.628078129814778,2008-01-01,Hex. Chromium and Fil. Chromium
699-100-43B,576675.9,154008.65,116.25868799999999,113.19239999999999,100-HR-3-H,44.200111228832675,2008-01-01,Hex. Chromium and Fil. Chromium
699-101-45,576032.4,154124.17,117.02364,113.969544,100-HR-3-H,246.9556122881332,2008-01-01,Hex. Chromium and Fil. Chromium
699-101-48B,575283.678,154404.019,,,100-HR-3-D,112.01882402618197,2008-01-01,Hex. Chromium and Fil. Chromium
699-73-61,571420.823,145781.525,,,100-KR-4,2851.938968867705,2008-01-01,Hex. Chromium and Fil. Chromium
699-78-62,570877.303,147166.224,,,100-KR-4,1490.9898964013796,2008-01-01,Hex. Chromium and Fil. Chromium
699-88-41,577221.545,150333.764,,,100-HR-3-H,2021.7574305754006,2008-01-01,Hex. Chromium and Fil. Chromium
699-88-41A,577406.82,150957.6,119.0868,111.4668,100-HR-3-H,1648.5027971294367,2008-01-01,Hex. Chromium and Fil. Chromium
699-89-35,579121.737,150543.514,,,100-HR-3-H,152.90900986010124,2008-01-01,Hex. Chromium and Fil. Chromium
699-90-37B,578474.693,151031.322,,,100-HR-3-H,612.223661014635,2008-01-01,Hex. Chromium and Fil. Chromium
699-90-45,576169.25,151024.529,,,100-HR-3-H,2698.941033142229,2008-01-01,Hex. Chromium and Fil. Chromium
699-91-46A,575910.95,151156.642,120.24459999999999,113.90476,100-HR-3-H,2556.211205650379,2008-01-01,Hex. Chromium and Fil. Chromium
699-93-37A,578449.32,151455.62,117.43396,106.75072,100-HR-3-H,501.95573177446454,2008-01-01,Hex. Chromium and Fil. Chromium
699-93-48A,575094.127,151795.301,120.98624000000001,114.64640000000001,100-HR-3-D,1519.894599285839,2008-01-01,Hex. Chromium and Fil. Chromium
699-94-41,577223.05,152111.68,117.06468000000001,114.01668000000001,100-HR-3-H,1206.5034232411485,2008-01-01,Hex. Chromium and Fil. Chromium
699-94-43,576625.6,152087.9,117.590568,113.018568,100-HR-3-H,1679.8681389480034,2008-01-01,Hex. Chromium and Fil. Chromium
699-95-45,576257.0,152556.28,117.53272,114.48472,100-HR-3-H,1498.650012862035,2008-01-01,Hex. Chromium and Fil. Chromium
699-95-45C,576257.19,152576.18,100.10607199999998,97.04892799999999,100-HR-3-H,1482.0356615709748,2008-01-01,Hex. Chromium and Fil. Chromium
699-95-46,575787.7,152594.15,104.748704,98.600888,100-HR-3-H,1711.0238033774135,2008-01-01,Hex. Chromium and Fil. Chromium
699-95-48,575253.42,152323.05,118.57315200000001,112.477152,100-HR-3-D,1393.580825816046,2008-01-01,Hex. Chromium and Fil. Chromium
699-95-48B,575235.98,152338.99,104.980824,103.456824,100-HR-3-D,1371.9024990685643,2008-01-01,Hex. Chromium and Fil. Chromium
699-95-48C,575231.7,152573.73,114.08900000000001,111.037952,100-HR-3-D,1310.944914738735,2008-01-01,Hex. Chromium and Fil. Chromium
699-95-51,574439.5,152528.59,118.2712,112.1752,100-HR-3-D,562.1325525976089,2008-01-01,Hex. Chromium and Fil. Chromium
699-96-42B,577211.44,152701.82,103.308608,97.20956000000001,100-HR-3-H,832.1016634324012,2008-01-01,Hex. Chromium and Fil. Chromium
699-96-43,576761.453,152605.307,118.83848,113.9312,100-HR-3-H,1176.2840292755063,2008-01-01,Hex. Chromium and Fil. Chromium
699-96-52B,573910.16,152656.22,117.472096,111.33952,100-HR-3-D,82.83623674265505,2008-01-01,Hex. Chromium and Fil. Chromium
699-97-41,577217.5,153090.38,117.29176,111.19575999999999,100-HR-3-H,519.2222820451053,2008-01-01,Hex. Chromium and Fil. Chromium
699-97-43B,576859.84,152981.3,117.76159999999999,114.71359999999999,100-HR-3-H,809.4341515050327,2008-01-01,Hex. Chromium and Fil. Chromium
699-97-43C,576857.31,152980.67,104.5698,103.0458,100-HR-3-H,811.3695695436493,2008-01-01,Hex. Chromium and Fil. Chromium
699-97-45,576051.7,152978.95,118.50244,113.93044,100-HR-3-H,1246.9195953147478,2008-01-01,Hex. Chromium and Fil. Chromium
699-97-45B,576049.34,152979.41,109.06960000000001,107.39320000000001,100-HR-3-H,1247.6398031611986,2008-01-01,Hex. Chromium and Fil. Chromium
699-97-47B,575408.55,153265.29,115.684128,114.15708000000001,100-HR-3-H,1207.3245451759237,2008-01-01,Hex. Chromium and Fil. Chromium
699-97-47D,575687.52,152937.65,110.73400000000001,107.682952,100-HR-3-H,1456.7728115501423,2008-01-01,Hex. Chromium and Fil. Chromium
699-97-48B,575247.59,152909.76,118.666992,112.5588,100-HR-3-D,1252.9030324440405,2008-01-01,Hex. Chromium and Fil. Chromium
699-97-48C,575245.39,152909.66,106.212,104.688,100-HR-3-D,1250.8516331412768,2008-01-01,Hex. Chromium and Fil. Chromium
699-97-51A,574468.122,153122.092,,,100-HR-3-D,446.53113269059656,2008-01-01,Hex. Chromium and Fil. Chromium
699-97-60,575682.05,152794.99,104.941608,101.89056,100-HR-3-H,1584.7998704454337,2008-01-01,Hex. Chromium and Fil. Chromium
699-97-61,574891.51,152914.15,103.252008,100.20096000000001,100-HR-3-D,914.2681871249339,2008-01-01,Hex. Chromium and Fil. Chromium
699-98-43,576863.24,153371.37,116.509688,111.9194,100-HR-3-H,483.948906491965,2008-01-01,Hex. Chromium and Fil. Chromium
699-98-46,575726.86,153365.63,118.377352,115.320208,100-HR-3-H,1049.2437748707869,2008-01-01,Hex. Chromium and Fil. Chromium
699-98-49A,574823.368,153310.153,,,100-HR-3-D,722.5823194414054,2008-01-01,Hex. Chromium and Fil. Chromium
699-98-50,574812.5,153319.89,108.337472,103.771568,100-HR-3-D,709.1633495567627,2008-01-01,Hex. Chromium and Fil. Chromium
699-98-51,574339.32,153302.71,117.23208,112.66008,100-HR-3-D,266.55492790926957,2008-01-01,Hex. Chromium and Fil. Chromium
699-99-41,577283.99,153590.74,116.39756,113.34956,100-HR-3-H,67.01429207746992,2008-01-01,Hex. Chromium and Fil. Chromium
699-99-42B,577010.23,153761.02,116.2956,113.229312,100-HR-3-H,78.62898132750567,2008-01-01,Hex. Chromium and Fil. Chromium
699-99-44,576458.77,153592.4,117.4534,114.4054,100-HR-3-H,513.6186432858187,2008-01-01,Hex. Chromium and Fil. Chromium
AT-D-1-D,572860.651,151852.065,,,100-HR-3-D,36.77271316567828,2008-01-01,Hex. Chromium and Fil. Chromium
AT-D-1-M,572861.512,151850.404,,,100-HR-3-D,38.538288430632576,2008-01-01,Hex. Chromium and Fil. Chromium
AT-D-1-S,572861.059,151850.983,,,100-HR-3-D,37.811551033181686,2008-01-01,Hex. Chromium and Fil. Chromium
AT-D-2-M,573105.776,152130.318,,,100-HR-3-D,13.201995970816622,2008-01-01,Hex. Chromium and Fil. Chromium
AT-D-2-S,573108.251,152129.777,,,100-HR-3-D,15.133071960083061,2008-01-01,Hex. Chromium and Fil. Chromium
AT-D-3-D,573233.231,152224.319,,,100-HR-3-D,15.750163887675178,2008-01-01,Hex. Chromium and Fil. Chromium
AT-D-3-M,573234.706,152224.974,,,100-HR-3-D,16.12382648197292,2008-01-01,Hex. Chromium and Fil. Chromium
AT-D-3-S,573233.717,152224.602,,,100-HR-3-D,15.819862642820294,2008-01-01,Hex. Chromium and Fil. Chromium
AT-D-4-D,572992.239,152039.564,,,100-HR-3-D,4.015086314004638,2008-01-01,Hex. Chromium and Fil. Chromium
AT-D-5-D,573934.803,152850.597,,,100-HR-3-D,9.426939492840711,2008-01-01,Hex. Chromium and Fil. Chromium
AT-D-5-M,573934.672,152848.206,,,100-HR-3-D,9.316983858578402,2008-01-01,Hex. Chromium and Fil. Chromium
AT-H-1-D,578068.733,152955.059,,,100-HR-3-H,25.976839113415252,2008-01-01,Hex. Chromium and Fil. Chromium
AT-H-1-M,578069.144,152954.335,,,100-HR-3-H,26.07272921642092,2008-01-01,Hex. Chromium and Fil. Chromium
AT-H-1-S,578070.238,152957.484,,,100-HR-3-H,23.33020672258955,2008-01-01,Hex. Chromium and Fil. Chromium
AT-H-2-D,578109.838,152896.44,,,100-HR-3-H,27.423319348554816,2008-01-01,Hex. Chromium and Fil. Chromium
AT-H-3-D,578142.216,152853.072,,,100-HR-3-H,26.90582260421152,2008-01-01,Hex. Chromium and Fil. Chromium
AT-H-3-S,578141.784,152848.945,,,100-HR-3-H,29.691681624094546,2008-01-01,Hex. Chromium and Fil. Chromium
AT-K-1-D,568327.31,146807.11,,,100-KR-4,8.60057129324496,2008-01-01,Hex. Chromium and Fil. Chromium
AT-K-1-M,568325.504,146806.936,,,100-KR-4,7.709274220760307,2008-01-01,Hex. Chromium and Fil. Chromium
AT-K-1-S,568324.617,146805.775,,,100-KR-4,8.153353646636926,2008-01-01,Hex. Chromium and Fil. Chromium
AT-K-2-D,568801.243,147157.944,,,100-KR-4,13.650928824799893,2008-01-01,Hex. Chromium and Fil. Chromium
AT-K-2-M,568803.992,147158.032,,,100-KR-4,15.563747996315895,2008-01-01,Hex. Chromium and Fil. Chromium
AT-K-2-S,568804.249,147153.321,,,100-KR-4,19.026864636550272,2008-01-01,Hex. Chromium and Fil. Chromium
AT-K-3-D,569178.215,147581.051,,,100-KR-4,10.101106804299226,2008-01-01,Hex. Chromium and Fil. Chromium
AT-K-3-M,569180.026,147581.403,,,100-KR-4,9.045594743517698,2008-01-01,Hex. Chromium and Fil. Chromium
AT-K-3-S,569177.923,147579.927,,,100-KR-4,9.528558068702136,2008-01-01,Hex. Chromium and Fil. Chromium
AT-K-4-D,570123.757,148477.489,,,100-KR-4,32.615559791252636,2008-01-01,Hex. Chromium and Fil. Chromium
AT-K-4-M,570123.114,148476.953,,,100-KR-4,32.53640210899638,2008-01-01,Hex. Chromium and Fil. Chromium
AT-K-4-S,570123.098,148476.95,,,100-KR-4,32.52715343153734,2008-01-01,Hex. Chromium and Fil. Chromium
AT-K-5-D,570358.927,148738.273,,,100-KR-4,15.97530996951784,2008-01-01,Hex. Chromium and Fil. Chromium
AT-K-5-M,570356.51,148737.414,,,100-KR-4,14.86392788305746,2008-01-01,Hex. Chromium and Fil. Chromium
AT-K-5-S,570357.99,148738.194,,,100-KR-4,15.36560336637522,2008-01-01,Hex. Chromium and Fil. Chromium
C5632,576389.25,154227.69,,,100-HR-3-H,11.77185259076147,2008-01-01,Hex. Chromium and Fil. Chromium
C5633,576390.6,154227.98,,,100-HR-3-H,12.670128462341262,2008-01-01,Hex. Chromium and Fil. Chromium
C5634,576391.43,154228.9,,,100-HR-3-H,13.874475163375653,2008-01-01,Hex. Chromium and Fil. Chromium
C5635,576478.81,154181.12,,,100-HR-3-H,13.507913720794676,2008-01-01,Hex. Chromium and Fil. Chromium
C5636,576481.4,154179.43,,,100-HR-3-H,13.256362244084317,2008-01-01,Hex. Chromium and Fil. Chromium
C5637,576483.67,154178.3,,,100-HR-3-H,13.344647417864355,2008-01-01,Hex. Chromium and Fil. Chromium
C5638,576634.08,154070.38,,,100-HR-3-H,9.858442897387706,2008-01-01,Hex. Chromium and Fil. Chromium
C5641,576871.56,153916.62,,,100-HR-3-H,26.985066214650704,2008-01-01,Hex. Chromium and Fil. Chromium
C5644,576960.87,153869.32,,,100-HR-3-H,16.35105204790935,2008-01-01,Hex. Chromium and Fil. Chromium
C5673,577157.45,153736.67,,,100-HR-3-H,16.618628000184344,2008-01-01,Hex. Chromium and Fil. Chromium
C5674,577157.45,153736.67,,,100-HR-3-H,16.618628000184344,2008-01-01,Hex. Chromium and Fil. Chromium
C5676,577276.26,153656.07,,,100-HR-3-H,17.135674135799395,2008-01-01,Hex. Chromium and Fil. Chromium
C5677,577277.33,153657.18,,,100-HR-3-H,15.61735590732952,2008-01-01,Hex. Chromium and Fil. Chromium
C5678,577278.65,153653.5,,,100-HR-3-H,17.93302777221817,2008-01-01,Hex. Chromium and Fil. Chromium
C5679,577409.7,153593.4,,,100-HR-3-H,5.3909383497168095,2008-01-01,Hex. Chromium and Fil. Chromium
C5680,577409.4,153593.79,,,100-HR-3-H,5.546941810939267,2008-01-01,Hex. Chromium and Fil. Chromium
C5681,577407.43,153594.58,,,100-HR-3-H,5.102213061724891,2008-01-01,Hex. Chromium and Fil. Chromium
C5682,577699.79,153338.71,,,100-HR-3-H,38.778815882954966,2008-01-01,Hex. Chromium and Fil. Chromium
C6236,568031.67,146606.75,,,100-KR-4,3.6170203573925517,2008-01-01,Hex. Chromium and Fil. Chromium
C6237,568031.5,146603.73,,,100-KR-4,5.995777472397582,2008-01-01,Hex. Chromium and Fil. Chromium
C6238,568033.65,146604.18,,,100-KR-4,6.857727940957984,2008-01-01,Hex. Chromium and Fil. Chromium
C6239,568592.53,146977.91,,,100-KR-4,20.40438040912523,2008-01-01,Hex. Chromium and Fil. Chromium
C6240,568591.59,146979.26,,,100-KR-4,18.75935907211756,2008-01-01,Hex. Chromium and Fil. Chromium
C6241,568591.99,146978.85,,,100-KR-4,19.324521511353996,2008-01-01,Hex. Chromium and Fil. Chromium
C6242,568695.11,147063.48,,,100-KR-4,8.974330548027487,2008-01-01,Hex. Chromium and Fil. Chromium
C6243,568695.29,147062.96,,,100-KR-4,9.503728580806836,2008-01-01,Hex. Chromium and Fil. Chromium
C6244,568694.13,147063.98,,,100-KR-4,8.003319843932783,2008-01-01,Hex. Chromium and Fil. Chromium
C6245,568922.44,147279.52,,,100-KR-4,16.07333427716052,2008-01-01,Hex. Chromium and Fil. Chromium
C6246,568920.87,147277.73,,,100-KR-4,16.191643757816355,2008-01-01,Hex. Chromium and Fil. Chromium
C6247,568921.68,147276.15,,,100-KR-4,17.87288841144801,2008-01-01,Hex. Chromium and Fil. Chromium
C6248,569313.26,147687.04,,,100-KR-4,13.113159255493137,2008-01-01,Hex. Chromium and Fil. Chromium
C6249,569309.54,147688.3,,,100-KR-4,9.564938691849449,2008-01-01,Hex. Chromium and Fil. Chromium
C6250,569314.98,147686.21,,,100-KR-4,14.92592291577777,2008-01-01,Hex. Chromium and Fil. Chromium
C6251,569467.17,147888.04,,,100-KR-4,18.554566151189963,2008-01-01,Hex. Chromium and Fil. Chromium
C6252,569475.54,147898.5,,,100-KR-4,19.97654042658088,2008-01-01,Hex. Chromium and Fil. Chromium
C6253,569464.26,147897.15,,,100-KR-4,27.03552034282261,2008-01-01,Hex. Chromium and Fil. Chromium
C6254,569713.15,148159.94,,,100-KR-4,35.346137470017034,2008-01-01,Hex. Chromium and Fil. Chromium
C6255,569709.36,148158.55,,,100-KR-4,37.05854711835708,2008-01-01,Hex. Chromium and Fil. Chromium
C6256,569711.5,148158.6,,,100-KR-4,35.5742095406256,2008-01-01,Hex. Chromium and Fil. Chromium
C6258,569851.35,148265.22,,,100-KR-4,11.346017158222201,2008-01-01,Hex. Chromium and Fil. Chromium
C6259,569850.48,148271.31,,,100-KR-4,16.251950049582796,2008-01-01,Hex. Chromium and Fil. Chromium
C6260,570214.85,148608.84,,,100-KR-4,4.8090647678612255,2008-01-01,Hex. Chromium and Fil. Chromium
C6261,570209.67,148618.5,,,100-KR-4,5.671015986009388,2008-01-01,Hex. Chromium and Fil. Chromium
C6266,572269.9,151241.63,,,100-HR-3-D,11.92358579135074,2008-01-01,Hex. Chromium and Fil. Chromium
C6267,572270.42,151242.23,,,100-HR-3-D,11.977874905606825,2008-01-01,Hex. Chromium and Fil. Chromium
C6268,572274.21,151246.19,,,100-HR-3-D,12.62211841389766,2008-01-01,Hex. Chromium and Fil. Chromium
C6269,572335.82,151323.2,,,100-HR-3-D,15.491187013643488,2008-01-01,Hex. Chromium and Fil. Chromium
C6270,572337.13,151324.52,,,100-HR-3-D,15.743207614814834,2008-01-01,Hex. Chromium and Fil. Chromium
C6271,572332.3,151317.57,,,100-HR-3-D,16.06747655595336,2008-01-01,Hex. Chromium and Fil. Chromium
C6272,572920.42,151926.86,,,100-HR-3-D,29.00315667425267,2008-01-01,Hex. Chromium and Fil. Chromium
C6275,573337.49,152284.93,,,100-HR-3-D,30.78137441011186,2008-01-01,Hex. Chromium and Fil. Chromium
C6278,573533.98,152428.19,,,100-HR-3-D,36.026411947112315,2008-01-01,Hex. Chromium and Fil. Chromium
C6281,574056.82,153353.31,,,100-HR-3-D,17.233543483944054,2008-01-01,Hex. Chromium and Fil. Chromium
C6282,574057.53,153353.6,,,100-HR-3-D,16.65425426731029,2008-01-01,Hex. Chromium and Fil. Chromium
C6284,576042.29,154363.63,,,100-HR-3-H,9.868703754058627,2008-01-01,Hex. Chromium and Fil. Chromium
C6285,576039.24,154364.31,,,100-HR-3-H,9.77090881922908,2008-01-01,Hex. Chromium and Fil. Chromium
C6286,576037.53,154364.5,,,100-HR-3-H,9.903953440358077,2008-01-01,Hex. Chromium and Fil. Chromium
C6287,576781.62,153965.55,,,100-HR-3-H,31.712592552119876,2008-01-01,Hex. Chromium and Fil. Chromium
C6288,576783.38,153964.05,,,100-HR-3-H,32.192627381196424,2008-01-01,Hex. Chromium and Fil. Chromium
C6290,577793.47,153266.01,,,100-HR-3-H,21.514174606247888,2008-01-01,Hex. Chromium and Fil. Chromium
C6291,577792.39,153267.0,,,100-HR-3-H,21.608066961967037,2008-01-01,Hex. Chromium and Fil. Chromium
C6293,578035.06,152996.7,,,100-HR-3-H,28.559289169091784,2008-01-01,Hex. Chromium and Fil. Chromium
C6296,578314.84,152574.8,,,100-HR-3-H,51.935288371719764,2008-01-01,Hex. Chromium and Fil. Chromium
C6297,578313.22,152575.13,,,100-HR-3-H,53.047734769864135,2008-01-01,Hex. Chromium and Fil. Chromium
C6299,578585.36,152323.62,,,100-HR-3-H,18.03619561061734,2008-01-01,Hex. Chromium and Fil. Chromium
C6300,578585.17,152324.65,,,100-HR-3-H,18.49114256034188,2008-01-01,Hex. Chromium and Fil. Chromium
C6301,578583.54,152323.27,,,100-HR-3-H,16.360770140881076,2008-01-01,Hex. Chromium and Fil. Chromium
C6334,572046.29,150949.98,,,100-HR-3-D,8.819380937362833,2008-01-01,Hex. Chromium and Fil. Chromium
C7641,568489.16,146934.31,,,100-KR-4,3.0288686675586716,2008-01-01,Hex. Chromium and Fil. Chromium
C7642,568490.69,146936.42,,,100-KR-4,3.88290290386032,2008-01-01,Hex. Chromium and Fil. Chromium
C7643,568494.19,146939.5,,,100-KR-4,4.404384704290504,2008-01-01,Hex. Chromium and Fil. Chromium
C7645,572077.01,151003.06,,,100-HR-3-D,1.4158598423827409,2008-01-01,Hex. Chromium and Fil. Chromium
C7646,572077.51,151003.82,,,100-HR-3-D,1.357898652763471,2008-01-01,Hex. Chromium and Fil. Chromium
C7647,572076.62,151002.47,,,100-HR-3-D,1.4593847356879301,2008-01-01,Hex. Chromium and Fil. Chromium
C7648,572077.26,151003.55,,,100-HR-3-D,1.3206893176514232,2008-01-01,Hex. Chromium and Fil. Chromium
C7649,578271.2,152659.93,,,100-HR-3-H,36.87822634855167,2008-01-01,Hex. Chromium and Fil. Chromium
C7650,578271.58,152659.02,,,100-HR-3-H,37.10897727185211,2008-01-01,Hex. Chromium and Fil. Chromium
D0218,568400.0,146845.0,,,100-KR-4,19.150717803245794,2008-01-01,Hex. Chromium and Fil. Chromium
D0219,568400.0,146845.0,,,100-KR-4,19.150717803245794,2008-01-01,Hex. Chromium and Fil. Chromium
DD-06-2,573964.576,153015.374,,,100-HR-3-D,3.63545016333105,2008-01-01,Hex. Chromium and Fil. Chromium
DD-06-3,573964.576,153015.374,,,100-HR-3-D,3.63545016333105,2008-01-01,Hex. Chromium and Fil. Chromium
DD-08-2,573940.057,152903.527,,,100-HR-3-D,9.518936008319185,2008-01-01,Hex. Chromium and Fil. Chromium
DD-08-3,573940.057,152903.527,,,100-HR-3-D,9.518936008319185,2008-01-01,Hex. Chromium and Fil. Chromium
DD-08-4,573940.057,152903.527,,,100-HR-3-D,9.518936008319185,2008-01-01,Hex. Chromium and Fil. Chromium
DD-10-3,573899.056,152788.072,,,100-HR-3-D,28.73826679489823,2008-01-01,Hex. Chromium and Fil. Chromium
DD-12-2,573818.681,152683.696,,,100-HR-3-D,5.513695938208307,2008-01-01,Hex. Chromium and Fil. Chromium
DD-12-4,573819.657,152683.584,,,100-HR-3-D,6.194623791161676,2008-01-01,Hex. Chromium and Fil. Chromium
DD-15-2,573700.609,152547.828,,,100-HR-3-D,41.945736331150854,2008-01-01,Hex. Chromium and Fil. Chromium
DD-15-3,573700.597,152547.317,,,100-HR-3-D,42.34477554010696,2008-01-01,Hex. Chromium and Fil. Chromium
DD-15-4,573701.271,152548.199,,,100-HR-3-D,42.05219385910496,2008-01-01,Hex. Chromium and Fil. Chromium
DD-16-3,573650.431,152516.128,,,100-HR-3-D,36.72239444344567,2008-01-01,Hex. Chromium and Fil. Chromium
DD-16-4,573651.165,152516.993,,,100-HR-3-D,36.47971572264735,2008-01-01,Hex. Chromium and Fil. Chromium
DD-17-2,573597.984,152482.772,,,100-HR-3-D,31.43982207823966,2008-01-01,Hex. Chromium and Fil. Chromium
DD-17-3,573597.162,152483.304,,,100-HR-3-D,30.518325274780047,2008-01-01,Hex. Chromium and Fil. Chromium
DD-39-1,572606.547,151625.856,,,100-HR-3-D,6.88166994781099,2008-01-01,Hex. Chromium and Fil. Chromium
DD-39-2,572606.894,151626.189,,,100-HR-3-D,6.905970406433268,2008-01-01,Hex. Chromium and Fil. Chromium
DD-41-1,572532.894,151530.892,,,100-HR-3-D,18.37200451402535,2008-01-01,Hex. Chromium and Fil. Chromium
DD-41-2,572532.209,151530.033,,,100-HR-3-D,18.46227711665594,2008-01-01,Hex. Chromium and Fil. Chromium
DD-41-3,572532.688,151530.738,,,100-HR-3-D,18.327625074357652,2008-01-01,Hex. Chromium and Fil. Chromium
DD-42-2,572485.319,151492.503,,,100-HR-3-D,10.058339606665928,2008-01-01,Hex. Chromium and Fil. Chromium
DD-42-3,572485.766,151492.564,,,100-HR-3-D,10.341921991969496,2008-01-01,Hex. Chromium and Fil. Chromium
DD-42-4,572486.189,151492.48,,,100-HR-3-D,10.707445724298326,2008-01-01,Hex. Chromium and Fil. Chromium
DD-43-2,572450.504,151443.236,,,100-HR-3-D,18.491631022650733,2008-01-01,Hex. Chromium and Fil. Chromium
DD-43-3,572450.906,151443.222,,,100-HR-3-D,18.79387495853714,2008-01-01,Hex. Chromium and Fil. Chromium
DD-44-3,572412.676,151394.279,,,100-HR-3-D,24.51899985195894,2008-01-01,Hex. Chromium and Fil. Chromium
DD-44-4,572411.362,151396.947,,,100-HR-3-D,21.733248270084143,2008-01-01,Hex. Chromium and Fil. Chromium
DD-49-1,572213.696,151161.553,,,100-HR-3-D,15.2177963742173,2008-01-01,Hex. Chromium and Fil. Chromium
DD-49-2,572213.968,151162.781,,,100-HR-3-D,14.696123038682293,2008-01-01,Hex. Chromium and Fil. Chromium
DD-49-3,572210.802,151163.304,,,100-HR-3-D,11.852729137195482,2008-01-01,Hex. Chromium and Fil. Chromium
DD-49-4,572211.15,151163.981,,,100-HR-3-D,11.723308538072278,2008-01-01,Hex. Chromium and Fil. Chromium
DD-50-1,572172.189,151121.164,,,100-HR-3-D,6.369205106102665,2008-01-01,Hex. Chromium and Fil. Chromium
DD-50-2,572172.633,151121.569,,,100-HR-3-D,6.4801295541912385,2008-01-01,Hex. Chromium and Fil. Chromium
DD-50-3,572172.166,151120.007,,,100-HR-3-D,7.047032675128551,2008-01-01,Hex. Chromium and Fil. Chromium
DD-50-4,572173.03,151121.18,,,100-HR-3-D,7.031285951995481,2008-01-01,Hex. Chromium and Fil. Chromium
DK-04-2,570452.0,148876.0,,,100-KR-4,14.914808058203738,2008-01-01,Hex. Chromium and Fil. Chromium
DK-04-3,570453.0,148877.0,,,100-KR-4,14.908874347229236,2008-01-01,Hex. Chromium and Fil. Chromium
Redox-1-3.3,572716.336,151730.81,,,100-HR-3-D,14.848203053779839,2008-01-01,Hex. Chromium and Fil. Chromium
Redox-1-6.0,572716.336,151730.81,,,100-HR-3-D,14.848203053779839,2008-01-01,Hex. Chromium and Fil. Chromium
Redox-2-6.0,572636.662,151687.803,,,100-HR-3-D,13.666569108133103,2008-01-01,Hex. Chromium and Fil. Chromium
Redox-3-3.3,572583.206,151603.027,,,100-HR-3-D,5.541708992892478,2008-01-01,Hex. Chromium and Fil. Chromium
Redox-3-4.6,572583.206,151603.027,,,100-HR-3-D,5.541708992892478,2008-01-01,Hex. Chromium and Fil. Chromium
Redox-4-3.0,572529.706,151540.006,,,100-HR-3-D,9.802620514870942,2008-01-01,Hex. Chromium and Fil. Chromium
Redox-4-6.0,572529.706,151540.006,,,100-HR-3-D,9.802620514870942,2008-01-01,Hex. Chromium and Fil. Chromium
