"KEY","WELL","ITER","LAG","p_trend","AIC","BIC","logLik","beta_intercept","beta_interp","beta_event","p_interp","p_event","n_obs"
"17-D__ITER1","17-D",1,NA,NA,NA,NA,NA,NA,NA,NA,NA,NA,NA
"17-D__ITER2","17-D",2,NA,NA,NA,NA,NA,NA,NA,NA,NA,NA,NA
"17-D__ITER3","17-D",3,NA,NA,NA,NA,NA,NA,NA,NA,NA,NA,NA
"199-D2-11__ITER1","199-D2-11",1,58,0.885103047635319,89.0538840928908,91.8562788562151,-41.5269420464454,3.2993445047479,-0.0247733982110979,9.72330720589468e-05,0.761845455633349,0.684316132492243,30
"199-D2-11__ITER2","199-D2-11",2,58,1.72143012067139e-08,18.297885084008,20.0786285998003,-6.14894254200399,-16.7392214815582,0.060918142181584,0.000758921364551911,0.077423225267071,3.06340718974797e-23,18
"199-D2-11__ITER3","199-D2-11",3,58,NA,NA,NA,NA,NA,NA,NA,NA,NA,NA
"199-D2-12__ITER1","199-D2-12",1,NA,NA,NA,NA,NA,NA,NA,NA,NA,NA,NA
"199-D2-12__ITER2","199-D2-12",2,52,0.223404644078907,28.3276242987445,28.9327944847325,-11.1638121493722,30.6880889459262,-0.224898530655162,-0.000144440346419041,0.0673617108913125,0.252558931558657,10
"199-D3-2__ITER1","199-D3-2",1,7,7.16855927729299e-07,59.2012771972179,61.8656862175683,-26.6006385986089,94.87905967952,-0.746231766700769,-0.000327647393724401,1.48455664795946e-08,0.00574555606511799,28
"199-D3-2__ITER2","199-D3-2",2,7,0.00242929675534165,13.5944584610621,13.7533415444218,-3.79722923053106,-8.75936799672646,0.11053240583542,-0.000114288622296733,0.193826862730729,0.00342537517373076,8
"199-D4-1__ITER1","199-D4-1",1,4,0.00140757860450214,37.2399540333812,38.7851314778608,-15.6199770166906,153.860539814301,-1.34668872280697,0.000417816956618041,0.000400228588030243,0.105462462373625,16
"199-D4-1__ITER2","199-D4-1",2,4,0.00126379094688545,9.43880593195814,9.33062623006876,-1.71940296597907,-7.61940551927852,0.146430875138518,-0.000370615042957102,0.293353893655109,4.98917763479481e-10,7
"199-D4-102__ITER1","199-D4-102",1,22,8.34501180602132e-07,1.96474099427227,2.35919014894471,2.01762950286386,39.9568433248008,0.510590818122839,-0.00562223608863649,5.01099845767421e-06,9.29496525374991e-31,9
"199-D4-102__ITER2","199-D4-102",2,22,0.0931975558736839,15.8701702256708,16.0290533090304,-4.93508511283538,-60.0055654749313,0.435011972024519,0.000523986798242087,0.0743593000748361,0.00862015807305396,8
"199-D4-13__ITER1","199-D4-13",1,NA,NA,NA,NA,NA,NA,NA,NA,NA,NA,NA
"199-D4-13__ITER2","199-D4-13",2,NA,NA,NA,NA,NA,NA,NA,NA,NA,NA,NA
"199-D4-14__ITER1","199-D4-14",1,21,0.269039949507689,33.1598068263655,33.9555973719622,-13.5799034131828,133.779993370451,-0.992401972102608,-0.000980399665480824,0.0904725435701392,0.453958898636294,11
"199-D4-14__ITER2","199-D4-14",2,21,2.23796676949162e-05,464.282623649176,470.506599225889,-229.141311824588,42.8960865730238,-0.327086767138949,-0.000129884534932665,5.53320921144726e-06,0.00403243799913901,166
"199-D4-19__ITER1","199-D4-19",1,NA,NA,NA,NA,NA,NA,NA,NA,NA,NA,NA
"199-D4-19__ITER2","199-D4-19",2,11,4.98758446958458e-05,54.1268329156896,56.79124193604,-24.0634164578448,-165.661489386342,1.33713968050908,0.000564009746601381,5.20813139749451e-05,0.00537054118186056,28
"199-D4-22__ITER1","199-D4-22",1,21,0.0924775760467332,23.7192681068389,24.1137172615113,-8.85963405341943,51.772284115801,-0.336928158643305,-0.000376138052111656,0.0250209133627073,0.104879917996396,9
"199-D4-22__ITER2","199-D4-22",2,21,7.45240785748891e-08,49.6179766985791,52.2823857189295,-21.8089883492896,48.4877113954687,-0.249156873198992,-0.000888675099780218,0.278381690743007,3.51336326419874e-10,28
"199-D4-23__ITER1","199-D4-23",1,1,0.513506743813254,29.9921812741848,30.5973514601729,-11.9960906370924,-18.9383772809737,0.164511818834354,0.000199155964394665,0.23252563923607,0.598279574333031,10
"199-D4-23__ITER2","199-D4-23",2,NA,NA,NA,NA,NA,NA,NA,NA,NA,NA,NA
"199-D4-27__ITER1","199-D4-27",1,27,2.30847921369737e-05,62.6083510888272,65.2000248208358,-28.3041755444136,250.794298528939,-1.73111925180301,-0.00296332554670832,1.21416021087114e-07,0.000469405743509473,27
"199-D4-27__ITER2","199-D4-27",2,27,0.254333606129071,28.5869485799652,29.1921187659533,-11.2934742899826,84.9536980844853,-0.649294967992333,-0.000381812120462573,0.171933300105262,0.0774570958024965,10
"199-D4-31__ITER1","199-D4-31",1,20,0.000580916004143561,56.1858100822827,58.5419177429786,-25.0929050411413,120.194448060435,-0.873934183768609,-0.000816192118346815,1.00023588998949e-05,0.157955571309473,24
"199-D4-31__ITER2","199-D4-31",2,20,0.748506218521843,39.2724951292084,40.4023938441315,-16.6362475646042,-2.77664872955012,0.0468080771065014,2.1002986914328e-05,0.44172377999267,0.61733808657249,13
"199-D4-34__ITER1","199-D4-34",1,2,8.19251483800132e-05,26.7138538194125,28.1299542216169,-10.3569269097062,145.860789450774,-1.20451680940547,2.7965787613277e-05,2.53473589227942e-09,0.970738145898924,15
"199-D4-34__ITER2","199-D4-34",2,10,1.78990156030068e-12,292.46278974987,298.037773235434,-143.231394874935,47.8080480255642,-0.334227622485197,-0.000325775199040162,1.29543607213514e-07,1.09513847763299e-13,120
"199-D4-38__ITER1","199-D4-38",1,1,0.875361169352476,28.2146088511481,28.6090580058205,-11.107304425574,25.1023987030642,-0.167469142690409,-3.78806966995023e-05,0.620214392416188,0.958351334137284,9
"199-D4-38__ITER2","199-D4-38",2,1,2.37365682664858e-13,499.356701394288,505.829585319948,-246.678350697144,95.1665175799247,-0.76093576161653,-0.000259091233797904,1.86481990537949e-15,9.0838509679426e-06,188
"199-D4-39__ITER1","199-D4-39",1,23,0.0125413687693539,19.7234010818307,20.1178502365032,-6.86170054091536,-18.2410863890229,-0.00933727005434233,0.00178946734952059,0.958522076632335,0.00246580264278922,9
"199-D4-39__ITER2","199-D4-39",2,23,9.07052211118753e-13,378.018754744846,383.999619918403,-186.009377372423,57.1157259822181,-0.372488048524181,-0.000653026726846906,0.00110924094827162,2.83832785426678e-16,147
"199-D4-48__ITER1","199-D4-48",1,6,0.00198192797874319,33.7654047304875,35.043519389718,-13.8827023652437,229.878377307681,-1.83316740680313,-0.000809039337538538,0.000334957266736271,0.544883688635961,14
"199-D4-48__ITER2","199-D4-48",2,6,0.0503752153576532,34.9025635150085,36.0324622299316,-14.4512817575043,111.565790378932,-0.919339108178105,-0.000156409065464964,0.0424020631546155,0.201931380157809,13
"199-D4-50__ITER1","199-D4-50",1,29,0.00100649915724504,33.9338411531435,35.3499415553479,-13.9669205765717,261.845173761601,-1.78709455949848,-0.00331651048509069,7.65069423160692e-05,0.00238280440869803,15
"199-D4-50__ITER2","199-D4-50",2,NA,NA,NA,NA,NA,NA,NA,NA,NA,NA,NA
"199-D4-56__ITER1","199-D4-56",1,28,0.00337715615146694,34.9828326934562,36.2609473526867,-14.4914163467281,336.734863608224,-2.27464536809351,-0.00457692963990671,0.0005456121653521,0.0077983613189852,14
"199-D4-56__ITER2","199-D4-56",2,NA,NA,NA,NA,NA,NA,NA,NA,NA,NA,NA
"199-D4-60__ITER1","199-D4-60",1,84,0.0113305277523752,18.9832186352564,19.1421017186161,-6.4916093176282,249.958250396399,-0.265914494379888,-0.0151095445469671,0.646159196869153,0.00554180135199044,8
"199-D4-60__ITER2","199-D4-60",2,NA,NA,NA,NA,NA,NA,NA,NA,NA,NA,NA
"199-D4-68__ITER1","199-D4-68",1,NA,NA,NA,NA,NA,NA,NA,NA,NA,NA,NA
"199-D4-68__ITER2","199-D4-68",2,NA,NA,NA,NA,NA,NA,NA,NA,NA,NA,NA
"199-D4-78__ITER1","199-D4-78",1,7,0.665551754269426,49.8963363978627,51.4415138423423,-21.9481681989314,42.5845476735363,-0.254189207679458,-0.000692977689530618,0.634431630076247,0.403958189730216,16
"199-D4-78__ITER2","199-D4-78",2,7,0.00292675392294806,31.0250446271218,32.3031592863523,-12.5125223135609,-1.3796732001525,-0.00753118119044841,0.000241630459140401,0.950524265062398,0.0002577930055097,14
"199-D4-83__ITER1","199-D4-83",1,17,0.0928118302216163,23.7264839438195,24.1209330984919,-8.86324197190974,30.5196212055832,-0.289167873396277,0.000532514035083978,0.119472311995359,0.203944892303313,9
"199-D4-83__ITER2","199-D4-83",2,17,6.30758580921764e-08,371.507484524533,377.31803408141,-182.753742262267,61.0570934912469,-0.467314431876131,-0.00028830863787203,3.31604757529137e-06,6.99185115406162e-06,135
"199-D4-84__ITER1","199-D4-84",1,2,0.0116822100761729,22.4257893062527,23.0309594922408,-8.21289465312633,2.9336820182709,-0.0401554962495481,0.00040250214355689,0.442820719115215,0.000606452127297247,10
"199-D4-84__ITER2","199-D4-84",2,2,3.66373598126302e-15,95.4313000113041,99.4820033927744,-44.715650005652,53.2338480732125,-0.267314121029113,-0.00120121350707034,2.47303599778089e-08,5.81715980750027e-29,56
"199-D4-84__ITER3","199-D4-84",3,2,0.00186676183926893,328.330117275398,333.819981532125,-161.165058637699,35.512254008102,-0.293977418634501,3.56211048512543e-05,0.00116190037946606,0.614716976447398,115
"199-D4-85__ITER1","199-D4-85",1,8,0.107651407720469,21.1770514334188,21.3359345167785,-7.58852571670942,-27.3248449203101,0.273935129551425,-0.000185439515450223,0.0433523357690306,0.649012172410206,8
"199-D4-85__ITER2","199-D4-85",2,8,0.0865682851662133,486.507799645883,492.755727604689,-240.253899822941,10.3240731645515,-0.0598184853379736,-8.11683288543256e-05,0.303350804412712,0.0262127558611826,168
"199-D4-86__ITER1","199-D4-86",1,8,0.0701478847354855,20.3204661376021,20.4793492209618,-7.16023306880104,3.39030270136176,-0.0706199029999714,0.000517647656257306,0.274014881705447,0.08471908023085,8
"199-D4-86__ITER2","199-D4-86",2,8,8.43889380524043e-05,78.3615682251787,81.229542634149,-36.1807841125893,71.4635801539133,-0.591998823200166,-2.41755191990343e-05,0.000116082902827973,0.798887741162562,31
"199-D4-95__ITER1","199-D4-95",1,37,0,62.6844530735322,66.9062008018788,-28.3422265367661,47.2745398517112,-0.14482556054548,-0.00170998311990819,4.99037042794655e-05,9.45529202222589e-73,61
"199-D4-95__ITER2","199-D4-95",2,8,0.00679619721709213,237.694850178507,242.580152691488,-115.847425089253,26.2101260069144,-0.178337240233391,-0.000160725359502269,0.00343926615013417,0.0439027091464543,85
"199-D4-95__ITER3","199-D4-95",3,57,7.59010856343778e-05,114.559156205403,118.216438998381,-54.2795781027016,40.0170922573358,-0.335835103107988,8.84271849238693e-05,1.89766463390126e-05,0.549178144570037,46
"199-D4-96__ITER1","199-D4-96",1,15,0,217.133215641455,222.587991278879,-105.566607820727,39.3881501401901,-0.150489345311962,-0.00108154011692741,0.0234632517222035,8.38433914748022e-44,113
"199-D4-96__ITER2","199-D4-96",2,10,0.0551209559864532,190.197565156576,194.606950395358,-92.098782578288,-26.8619554881885,0.249665442027056,-5.27885528943473e-07,0.0139075919989706,0.996233743707736,67
"199-D4-97__ITER1","199-D4-97",1,64,0,258.43914605743,264.158770866153,-126.219573028715,11.6925111466316,0.0477838678976525,-0.000865643148452623,0.459514788435005,7.01898968757938e-38,129
"199-D4-97__ITER2","199-D4-97",2,48,0.113208949339839,163.507331882155,167.558035263626,-78.7536659410777,18.9604962547616,-0.204958466418617,0.000339449356519715,0.206790128138078,0.195944395291426,56
"199-D5-101__ITER1","199-D5-101",1,63,0,165.531642529323,171.719142930936,-79.7658212646613,11.5628872823103,0.0934805496464732,-0.00115351956925305,0.0584753144347418,1.50213991792788e-190,163
"199-D5-101__ITER2","199-D5-101",2,4,0.0488766075719911,96.6316755240622,99.6843965732945,-45.3158377620311,71.5493015083338,-0.579360188646965,-0.000130315275595789,0.0149938165091788,0.825107931321181,34
"199-D5-103__ITER1","199-D5-103",1,66,0.0439772944833818,79.032623025896,81.767214685869,-36.516311512948,12.7072710751552,-0.0846257749621159,0.000145109192668606,0.0217693473703461,0.278788986346927,29
"199-D5-103__ITER2","199-D5-103",2,66,9.61258850296076e-11,19.2791303312078,21.4612152379244,-6.6395651656039,-19.9209636885705,-0.0607661344174971,0.00210409086948826,0.606673910751037,4.01549522110111e-22,22
"199-D5-103__ITER3","199-D5-103",3,66,2.22044604925031e-15,6.40404837238624,8.84180002212264,-0.202024186193121,55.9327619506217,0.0613876658084065,-0.0035069369753052,0.36418956865791,2.6632099670766e-74,25
"199-D5-103__ITER4","199-D5-103",4,66,2.86687562578436e-10,319.461173059239,325.149547232156,-156.73058652962,23.0797954945551,-0.0558480650610294,-0.000667398443055208,0.537787489572002,4.33490592488704e-13,127
"199-D5-104__ITER1","199-D5-104",1,44,0.490697196523243,114.693747082663,118.071505990891,-54.3468735413314,24.929949401956,-0.137898406134324,-1.19778554909919e-05,0.23755049189305,0.972699058264801,40
"199-D5-104__ITER2","199-D5-104",2,44,0,372.421400023622,380.001320365417,-183.210700011811,24.4742219265291,0.0488469592013465,-0.00144392913022212,0.368051979754027,1.426197459385e-290,327
"199-D5-123__ITER1","199-D5-123",1,0,0.268458212589203,59.3462168977394,60.3907393354628,-27.6731084488697,10.1158044774242,NA,-0.000289070407517563,NA,0.261458360054926,21
"199-D5-123__ITER2","199-D5-123",2,0,3.66373598126302e-15,35.622272712303,37.1486332369192,-15.8111363561515,17.9806256267217,NA,-0.000879429511921477,NA,4.29296034213669e-40,34
"199-D5-125__ITER1","199-D5-125",1,47,0.00677303430966314,49.7420632542161,51.7335278013241,-21.8710316271081,13.7162824248922,-0.0227319376822056,-0.0002325039924968,0.20665721006116,0.000367998768133443,20
"199-D5-125__ITER2","199-D5-125",2,47,0,28.9895729584632,32.2647452779159,-11.4947864792316,-29.9053245278904,0.432867272650486,-0.000974487847737302,0.0115527648897075,3.15453545091506e-21,38
"199-D5-127__ITER1","199-D5-127",1,90,0,91.2874660413015,96.352665027608,-42.6437330206508,54.697804573276,-0.178815185887996,-0.00187312796007145,0.000713437312576108,7.85604846047827e-109,93
"199-D5-127__ITER2","199-D5-127",2,77,0.311126129131636,321.956890903732,327.32115335798,-157.978445451866,18.6642145247883,-0.126295565313418,-0.000135479796705105,0.238792343089117,0.196800857419065,108
"199-D5-130__ITER1","199-D5-130",1,3,0,110.433047973066,115.905444869855,-52.2165239865332,22.8319129576785,-0.01510622093772,-0.00106070952114801,0.667482848959509,6.92495844763789e-138,114
"199-D5-130__ITER2","199-D5-130",2,44,0.0160057179235868,133.776012680404,137.559653276626,-63.8880063402022,-21.2987736719151,0.218690367787601,-0.000107902870791666,0.00577628340248331,0.510925791317888,49
"199-D5-131__ITER1","199-D5-131",1,2,0,-105.881006208725,-100.35665833913,55.9405031043625,34.1867298944197,-0.00583526801404431,-0.00173271684962618,0.802686159683546,0,117
"199-D5-131__ITER2","199-D5-131",2,27,0.00584238135975079,177.880618623973,182.198384790693,-85.9403093119867,-14.6343423842606,0.182503292483067,-0.000217673159768048,0.0164667262532261,0.0236003992533183,64
"199-D5-133__ITER1","199-D5-133",1,0,3.15779624671109e-11,76.1012248460393,77.8147969127436,-36.0506124230196,22.7720820571064,NA,-0.00124333061736189,NA,2.99417173760522e-18,41
"199-D5-133__ITER2","199-D5-133",2,0,0.0073402017922406,29.1861289912679,29.6710356410559,-12.593064495634,-37.6297964727086,NA,0.00204848582546942,NA,0.00163164551395836,12
"199-D5-14__ITER1","199-D5-14",1,55,0,-16.8019176477974,-13.4747943555381,11.4009588238987,29.3123519082042,0.0206370969039376,-0.00170466455033049,0.757120594769066,4.50019340001965e-207,39
"199-D5-14__ITER2","199-D5-14",2,55,0.968478577991914,34.1041779223985,34.8999684679952,-14.0520889611992,3.45354928656169,-0.00868193437876452,-2.79109431073228e-05,0.949321667666647,0.803191513618324,11
"199-D5-146__ITER1","199-D5-146",1,16,3.15075746160076e-07,120.61896146246,124.521448899623,-57.3094807312299,9.48025372680663,0.199106281476782,-0.00178415015078542,0.0713284695524758,1.58856800419181e-07,52
"199-D5-146__ITER2","199-D5-146",2,16,0.486924361512689,228.584569769936,233.348623039284,-111.292284884968,3.56820656820097,0.00880563734898382,-0.000129897764821016,0.905756643163879,0.258613586451357,80
"199-D5-146__ITER3","199-D5-146",3,16,0.207302494850513,98.5083256940973,101.56104674333,-46.2541628470487,53.6433293920732,-0.337259591378521,-0.000603223503075473,0.0863806708168307,0.248949758559445,34
"199-D5-149__ITER1","199-D5-149",1,31,0.0394491251130785,61.7832951701969,64.0542836020552,-27.8916475850984,25.569112361433,-0.195840836187969,2.68820176970338e-06,0.0108993043794026,0.978796268515549,23
"199-D5-149__ITER2","199-D5-149",2,31,0.703646708543205,30.6222077410335,31.2273779270216,-12.3111038705168,74.6842551879837,-0.441429475757513,-0.00103686326719543,0.579905336073594,0.466542549584612,10
"199-D5-15__ITER1","199-D5-15",1,42,0.0316207183884131,27.2603502965997,28.0561408421965,-10.6301751482999,-5.95055529640691,0.185790732854025,-0.000644676866178722,0.170825999897292,0.0595053313030512,11
"199-D5-15__ITER2","199-D5-15",2,42,1.14615339441571e-09,50.9688114839981,53.8367858929684,-22.4844057419991,-47.8667173765518,0.513492787522125,-0.000556480651228609,0.000467213328262742,7.64214908059713e-09,31
"199-D5-151__ITER1","199-D5-151",1,66,0.0112162612689271,70.6229106282034,73.2145843602121,-32.3114553141017,10.513418741363,0.0277047826651043,-0.000546194685369511,0.832740972193744,0.00522451765071753,27
"199-D5-151__ITER2","199-D5-151",2,66,0.537057823207918,61.3275259229519,63.4165707983988,-27.663762961476,11.9934921302083,-0.0127193983985406,-0.000345787924966464,0.89963690159115,0.26266313769397,21
"199-D5-153__ITER1","199-D5-153",1,NA,NA,NA,NA,NA,NA,NA,NA,NA,NA,NA
"199-D5-153__ITER2","199-D5-153",2,25,0,181.721819368428,187.425879896267,-87.8609096842141,38.0960343766102,-0.151073066214195,-0.000976492082208572,0.0133741271843115,1.07988426032041e-94,128
"199-D5-16__ITER1","199-D5-16",1,64,0.0889039622333243,26.4847683717117,27.0899385576998,-10.2423841858558,18.8479618783278,-0.00784007416984173,-0.000849193113524301,0.94537304973159,0.0195698650959267,10
"199-D5-16__ITER2","199-D5-16",2,64,2.1785842019284e-09,45.3916053692137,48.1261970291866,-19.6958026846068,9.98704329729779,0.0275562953988996,-0.000587913559272165,0.827308085853325,3.67974914300028e-13,29
"199-D5-17__ITER1","199-D5-17",1,NA,NA,NA,NA,NA,NA,NA,NA,NA,NA,NA
"199-D5-17__ITER2","199-D5-17",2,63,0.00196753363093649,41.5909867770781,43.3717302928705,-17.7954933885391,1.30071485980395,0.0499199760526532,-0.000288975713442031,0.765424007212948,0.000534012643569817,18
"199-D5-32__ITER1","199-D5-32",1,39,0,61.8536149124409,66.6912961280341,-27.9268074562205,17.0236918662691,0.256433347517526,-0.00301953719983279,3.56085346992823e-16,1.96605715266399e-127,83
"199-D5-32__ITER2","199-D5-32",2,14,0,393.512591795613,399.942463310831,-193.756295897806,33.5254406909062,-0.164071437615913,-0.000603203572095129,0.0130665941647115,2.10297928776988e-42,184
"199-D5-33__ITER1","199-D5-33",1,NA,NA,NA,NA,NA,NA,NA,NA,NA,NA,NA
"199-D5-33__ITER2","199-D5-33",2,25,0.00197745094132873,75.9132958521029,78.7156906154272,-34.9566479260514,14.770898675731,-0.00272232758004721,-0.000793863122453624,0.993658709273759,0.00908521980074458,30
"199-D5-34__ITER1","199-D5-34",1,47,0.000153700590312278,53.5266107142754,55.8827183749713,-23.7633053571377,1.42969254609691,0.119925764861259,-0.000824806124569762,0.0299928782376603,4.29174080797786e-06,24
"199-D5-34__ITER2","199-D5-34",2,47,1.11181233986013e-06,77.7303845488692,80.8974224257815,-35.8651922744346,35.5940794164397,-0.410398841004461,0.00109495520436308,0.000664930752567575,9.20294330449028e-06,36
"199-D5-34__ITER3","199-D5-34",3,47,0,114.024741551028,119.97820903587,-54.0123707755142,36.9322273862119,-0.0482495540674391,-0.00153962401617352,0.182144058539128,8.11763121872899e-220,145
"199-D5-34__ITER4","199-D5-34",4,47,0.049859101681036,124.696081039327,128.309406018868,-59.3480405196635,1.03802683808628,0.0663745086722546,-0.000340253276112586,0.435549647049013,0.0294119054668566,45
"199-D5-36__ITER1","199-D5-36",1,16,0.753884885378197,29.1775596100308,29.7827297960189,-11.5887798050154,7.85171878018114,0.0154972016028063,-0.00062074714312231,0.971549422565564,0.519618463550719,10
"199-D5-36__ITER2","199-D5-36",2,16,0.00942797306796506,89.1986738630785,92.130145668678,-41.5993369315393,11.4403742338263,-0.0380281346141224,-0.00032596020336655,0.81802277486144,0.00550526361695067,32
"199-D5-37__ITER1","199-D5-37",1,9,0.977119494818558,31.278872854479,31.8840430404671,-12.6394364272395,6.12668348512403,-0.0130445338293949,-4.9496888306418e-05,0.899195967831955,0.840310000267019,10
"199-D5-37__ITER2","199-D5-37",2,9,0.0579356412047508,88.801117481962,91.7325892875615,-41.400558740981,13.5180801647441,-0.0738677944794885,-0.000176117107496868,0.616571779562733,0.021835713822484,32
"199-D5-38__ITER1","199-D5-38",1,39,1.04293337288563e-06,40.7018354598395,42.9728238916978,-17.3509177299197,52.1485795385061,-0.355430978314468,-0.000279740867637451,3.23178253868079e-13,0.0683851015076865,23
"199-D5-38__ITER2","199-D5-38",2,39,0.00567936474687425,82.5519695029739,85.4199439119442,-38.275984751487,70.503471102697,-0.552277843094458,-0.000237623040670412,0.000758049323234187,0.0119518251428712,31
"199-D5-39__ITER1","199-D5-39",1,32,0,257.806201217927,263.586899474371,-125.903100608964,17.9812319942232,-0.162303210053591,0.000606661865121299,2.46491034275401e-13,8.58112415236987e-30,133
"199-D5-39__ITER2","199-D5-39",2,68,NA,NA,NA,NA,NA,NA,NA,NA,NA,NA
"199-D5-39__ITER3","199-D5-39",3,62,0,30.9982592798767,36.9654725232934,-12.4991296399384,36.6026033103327,0.0117525645555772,-0.00201955901502626,0.729668524321968,0,146
"199-D5-39__ITER4","199-D5-39",4,1,0.107215431913857,186.804697664844,191.122463831563,-90.4023488324219,36.995965469635,-0.303621571868497,5.58929460487118e-06,0.0324815776499583,0.974553793757627,64
"199-D5-41__ITER1","199-D5-41",1,23,0.0509529779072899,18.0253667886187,18.1842498719784,-6.01268339430937,43.9403805508875,-0.270909912586901,-0.000681731635406146,0.00732389920864105,0.0237087548962066,8
"199-D5-41__ITER2","199-D5-41",2,23,0.000819061241058905,44.3360588055328,46.2249367638657,-19.1680294027664,-84.81162563768,0.592966567984963,0.000948612197073286,0.138714095766579,3.73886234973532e-06,19
"199-D5-43__ITER1","199-D5-43",1,48,0.000183575821506188,51.0430164291009,53.3140048609592,-22.5215082145505,59.0004368166967,-0.421049775581892,-0.000238406473074558,8.62736087766816e-07,0.407066828070129,23
"199-D5-43__ITER2","199-D5-43",2,48,4.20382617605242e-11,51.3864483954579,54.3794635183909,-22.693224197729,-5.8205206235701,0.216181706688037,-0.000996314163822225,0.322508081091106,4.40351656097757e-11,33
"199-D5-44__ITER1","199-D5-44",1,2,0.00374541037066023,12.9881415556395,13.1470246389991,-3.49407077781974,375.009106121022,-3.33158093926155,0.00116198400960493,0.0703383101850666,0.419912866371651,8
"199-D5-44__ITER2","199-D5-44",2,2,2.33561140632332e-05,29.4851240699152,31.0303015143947,-11.7425620349576,-1.7842100971644,-0.079411672607911,0.000727586914195476,0.635453507778266,2.45724557512424e-10,16
"199-D5-92__ITER1","199-D5-92",1,22,0,263.276964009598,269.012032910509,-128.638482004799,31.7209521283237,-0.131462430346516,-0.000838877089278969,2.5946762346264e-06,9.56829670719453e-36,130
"199-D5-92__ITER2","199-D5-92",2,38,NA,NA,NA,NA,NA,NA,NA,NA,NA,NA
"199-D5-92__ITER3","199-D5-92",3,9,0,420.289355346713,426.64165481186,-207.144677673356,78.4381466096978,-0.580013771126201,-0.000487474917634395,1.03174714940614e-18,5.71207841481016e-25,177
"199-D5-97__ITER1","199-D5-97",1,61,0.0400513626835511,56.1356397840612,58.224684659508,-25.0678198920306,18.8437827550898,-0.0555854129933919,-0.000421949123723685,0.204602142217854,0.0121075367104483,21
"199-D5-97__ITER2","199-D5-97",2,61,0,116.160991350974,120.657981835073,-55.0804956754872,1.93706793564322,0.151216973060056,-0.00102238516204956,0.218144470983442,3.82926951455184e-24,70
"199-D7-3__ITER1","199-D7-3",1,22,0,57.1818692102672,61.4361379803574,-25.5909346051336,40.7296288502737,-0.146694855720592,-0.00127080802597517,2.60495807891821e-09,4.05394732670517e-84,62
"199-D7-3__ITER2","199-D7-3",2,19,0.143203758081613,380.213645194411,385.917705722251,-187.106822597206,-20.8505938280213,0.183674880842608,3.90747373784456e-05,0.0480999513436308,0.599325182259449,128
"199-D8-4__ITER1","199-D8-4",1,NA,NA,NA,NA,NA,NA,NA,NA,NA,NA,NA
"199-D8-4__ITER2","199-D8-4",2,7,2.22044604925031e-16,58.1427419620914,61.6651421934785,-26.0713709810457,47.4724728057462,-0.18750086168824,-0.0012922862007403,0.140922307556169,3.57224952367279e-36,43
"199-D8-5__ITER1","199-D8-5",1,7,0.0530411359382622,22.6074712433767,23.0019203980492,-8.30373562168837,50.6998279389736,-0.391637892881229,9.59722377749239e-05,0.00405479564332068,0.700452735755899,9
"199-D8-5__ITER2","199-D8-5",2,7,0.000111725016337383,71.5566461317476,74.4246205407179,-32.7783230658738,-19.7717863763132,0.249533664547999,-0.000453739340224372,0.330633600253174,9.3058341060105e-05,31
"199-D8-53__ITER1","199-D8-53",1,1,3.4995654707437e-08,62.2983945863528,65.2914097092857,-28.1491972931764,85.7208620156081,-0.684195981102083,-9.58164129040189e-05,8.46656185427319e-15,0.615634320605395,33
"199-D8-53__ITER2","199-D8-53",2,1,0.000143306937952503,431.476941844752,437.511501518382,-212.738470922376,14.3375933001082,-0.0698192567752512,-0.00024449611907516,0.393523837051319,1.50562031661851e-05,151
"199-D8-54A__ITER1","199-D8-54A",1,1,2.70444718986074e-06,76.6699074685923,79.7806035915711,-35.3349537342961,74.5576287536903,-0.567605328429883,-0.000253770961477537,1.05439518464684e-09,0.205015943679475,35
"199-D8-54A__ITER2","199-D8-54A",2,1,0.00211900367547424,61.6127582668972,64.0505099166336,-27.8063791334486,56.1729541639278,-0.415268070706487,-0.000281209596558394,0.0311284741690677,9.32795813556774e-05,25
"199-D8-54B__ITER1","199-D8-54B",1,NA,NA,NA,NA,NA,NA,NA,NA,NA,NA,NA
"199-D8-54B__ITER2","199-D8-54B",2,0,4.96279158807011e-05,51.7933873241079,52.9288815400371,-23.896693662054,-2.61515711885931,NA,0.000253126529432529,NA,1.24137196240724e-06,23
"199-D8-6__ITER1","199-D8-6",1,12,0.0348069812902491,18.918890789213,19.0777738725727,-6.45944539460649,-38.1895104266651,0.369265500728983,-9.73231579309431e-07,0.00187171890389162,0.996533331871498,8
"199-D8-6__ITER2","199-D8-6",2,12,0,26.417411109241,29.8445552426496,-10.2087055546205,97.2248487276591,-0.592159429105729,-0.00142825764062426,6.75674172385977e-09,6.49330083762326e-74,41
"199-D8-69__ITER1","199-D8-69",1,1,0.0035246684720619,17.184908481537,17.5793576362095,-5.59245424076851,100.366855130309,-0.928129700875019,0.000849683220699181,6.48042908160048e-05,0.247208980756661,9
"199-D8-69__ITER2","199-D8-69",2,1,1.21014309684142e-14,487.828900836577,494.269612486733,-240.914450418288,48.6692974898636,-0.341060417158222,-0.000392160807174998,5.25325060892122e-07,3.26559599176129e-17,185
"199-D8-70__ITER1","199-D8-70",1,1,0.0652842876859334,25.8671577294756,26.4723279154637,-9.93357886473782,48.3108660101487,-0.401727465728831,0.000201149659701502,0.0147698942909475,0.643578937044666,10
"199-D8-70__ITER2","199-D8-70",2,1,7.45261031889211e-05,54.9176545660826,57.355406215819,-24.4588272830413,56.1091645777022,-0.343118144808336,-0.000827047783491725,0.00567397710613569,9.70819357203613e-08,25
"199-D8-70__ITER3","199-D8-70",3,1,5.24834362777282e-05,3.07605883083826,2.96787912894888,1.46197058458087,96.1414834925229,-0.875384914408017,0.000408777175798238,1.74412468163413e-12,1.2816199323211e-10,7
"199-D8-71__ITER1","199-D8-71",1,NA,NA,NA,NA,NA,NA,NA,NA,NA,NA,NA
"199-D8-71__ITER2","199-D8-71",2,1,1.54511200924912e-05,96.8149348164783,100.192693724706,-45.4074674082392,28.5884561095632,-0.161109137617842,-0.000383631700510934,0.212064228320159,2.18605218611925e-07,40
"199-D8-72__ITER1","199-D8-72",1,2,3.00508924611087e-06,74.0424129284349,77.0951339776673,-34.0212064642175,19.6753603888731,-0.158091330748728,0.000388749714769726,5.09057234711247e-05,2.23082776121117e-05,34
"199-D8-72__ITER2","199-D8-72",2,2,7.67709317228693e-08,39.9763541731532,42.3324618338491,-16.9881770865766,29.5683742462178,-0.0343994538674371,-0.0013624309955017,0.943181927438531,4.43861355949204e-08,24
"199-D8-73__ITER1","199-D8-73",1,18,0.000896524179776592,8.7521141181227,8.64393441623332,-1.37605705906135,1.14307721204017,-0.0159926901634933,0.000428220457887509,0.436459855949463,9.95744101641694e-11,7
"199-D8-73__ITER2","199-D8-73",2,18,1.11615716669178e-10,133.108307487773,137.362576257863,-63.5541537438866,63.9549016835731,-0.404982275126989,-0.00075852272144609,1.14647265539303e-12,1.7070020185582e-11,62
"199-D8-73__ITER3","199-D8-73",3,18,0.559267990138708,141.220628452284,144.920923655704,-67.6103142261419,21.9240294182623,-0.166495955789194,-6.63081699357286e-05,0.282963184043845,0.606297234523149,47
"199-D8-88__ITER1","199-D8-88",1,8,0.0188602999332472,26.2268435551315,27.0226341007283,-10.1134217775658,-19.0461917523061,-0.00389945582908156,0.00168122171830591,0.978758427172317,0.000813034040027322,11
"199-D8-88__ITER2","199-D8-88",2,8,0,136.634476258118,141.322087101825,-65.3172381290589,80.744489244163,-0.370473344303466,-0.00208966290371434,1.16930790112396e-05,1.93697659633829e-37,77
"199-D8-88__ITER3","199-D8-88",3,8,0.600704410993758,234.6421505567,239.381046261634,-114.32107527835,4.31363405690647,-0.0112608510851134,-0.00011453455642794,0.934236991697125,0.343296313831535,79
"199-D8-90__ITER1","199-D8-90",1,70,3.33066907387547e-16,164.747426046216,169.53632435556,-79.3737130231078,31.3374576510932,-0.117805702781953,-0.000918237092330329,0.015376133166301,2.52261041312141e-26,81
"199-D8-90__ITER2","199-D8-90",2,66,0.0761280167298672,321.326884521745,326.72784525333,-157.663442260872,-20.786319436817,0.175663601194744,0.000101499948643539,0.0315612615705846,0.219864133310357,110
"199-D8-91__ITER1","199-D8-91",1,2,0,145.42623394921,150.215132258555,-69.7131169746051,36.443916878877,-0.186076118382201,-0.000729054629438563,7.59202936695422e-09,6.25873199560049e-36,81
"199-D8-91__ITER2","199-D8-91",2,2,0.192376260275713,314.015058167509,319.379320621757,-154.007529083755,11.5643708797174,-0.0916819521223242,6.9599393115553e-05,0.195855202414348,0.313157798750347,108
"199-H1-1__ITER1","199-H1-1",1,NA,NA,NA,NA,NA,NA,NA,NA,NA,NA,NA
"199-H1-1__ITER2","199-H1-1",2,34,0,400.958274381015,407.431158306675,-197.479137190507,34.6555365714708,-0.229534025618389,-0.00028730525012625,5.93859163335183e-13,5.99585099532353e-42,188
"199-H1-2__ITER1","199-H1-2",1,NA,NA,NA,NA,NA,NA,NA,NA,NA,NA,NA
"199-H1-2__ITER2","199-H1-2",2,30,0,343.995232324775,350.194965180423,-168.997616162387,25.604798633189,-0.153795900884099,-0.000249977526926266,4.18829617112302e-10,1.5984015443283e-39,164
"199-H1-35__ITER1","199-H1-35",1,NA,NA,NA,NA,NA,NA,NA,NA,NA,NA,NA
"199-H1-35__ITER2","199-H1-35",2,8,2.99760216648792e-15,501.931773554624,508.44676429868,-247.965886777312,64.6931370918418,-0.5033412842888,-0.000283080115351916,4.57396072735232e-15,3.60557362792603e-10,192
"199-H1-36__ITER1","199-H1-36",1,NA,NA,NA,NA,NA,NA,NA,NA,NA,NA,NA
"199-H1-36__ITER2","199-H1-36",2,33,0,267.628200433387,273.923189387014,-130.814100216693,26.162146766401,-0.154712471596111,-0.00028175417257038,3.13010842758157e-14,1.30979714612842e-99,172
"199-H1-37__ITER1","199-H1-37",1,NA,NA,NA,NA,NA,NA,NA,NA,NA,NA,NA
"199-H1-37__ITER2","199-H1-37",2,4,9.19301301749442e-11,315.027229747309,320.651598458054,-154.513614873655,64.3085935063108,-0.516359963992269,-0.000192462609213824,1.05611087860945e-11,6.19439348802723e-05,123
"199-H1-38__ITER1","199-H1-38",1,NA,NA,NA,NA,NA,NA,NA,NA,NA,NA,NA
"199-H1-38__ITER2","199-H1-38",2,25,5.24025267623074e-14,267.677670764106,273.09673116673,-130.838835382053,67.8955260587154,-0.527247040932291,-0.000322953940941566,1.00060550654624e-12,1.4198788819291e-08,111
"199-H1-4__ITER1","199-H1-4",1,NA,NA,NA,NA,NA,NA,NA,NA,NA,NA,NA
"199-H1-4__ITER2","199-H1-4",2,59,0,161.334190082416,166.420779646956,-77.6670950412082,1.21201739789707,0.0452420212161078,-0.000171712742566396,0.00527785372950948,3.87374049166759e-43,94
"199-H1-40__ITER1","199-H1-40",1,NA,NA,NA,NA,NA,NA,NA,NA,NA,NA,NA
"199-H1-40__ITER2","199-H1-40",2,6,3.27051393558264e-05,220.809111661681,225.694414174662,-107.404555830841,49.5681364822361,-0.412119539902716,-4.69915275209934e-05,4.91783368396238e-06,0.592230773718972,85
"199-H1-42__ITER1","199-H1-42",1,NA,NA,NA,NA,NA,NA,NA,NA,NA,NA,NA
"199-H1-42__ITER2","199-H1-42",2,14,0,392.816842289148,399.202755990929,-193.408421144574,83.5301789691481,-0.64051759523264,-0.000396732556985357,2.42918121972088e-30,1.08496122066489e-25,180
"199-H1-43__ITER1","199-H1-43",1,NA,NA,NA,NA,NA,NA,NA,NA,NA,NA,NA
"199-H1-43__ITER2","199-H1-43",2,8,0,393.830540768545,400.282034115971,-193.915270384272,82.334418109191,-0.636087175922148,-0.000376324818011466,6.5944688075122e-39,1.53074378738482e-27,186
"199-H1-45__ITER1","199-H1-45",1,NA,NA,NA,NA,NA,NA,NA,NA,NA,NA,NA
"199-H1-45__ITER2","199-H1-45",2,43,3.41893520627856e-06,127.628347104325,131.568930931429,-60.8141735521623,55.1763125303075,-0.284942675694746,-0.00131460467902445,0.000719580910327079,8.30181864920481e-07,53
"199-H1-45__ITER3","199-H1-45",3,21,0,246.037156472148,251.677719603358,-120.018578236074,42.2806218846939,-0.221701381532869,-0.000786124634344054,0.000734542678804976,4.74086089136322e-44,124
"199-H1-7__ITER1","199-H1-7",1,NA,NA,NA,NA,NA,NA,NA,NA,NA,NA,NA
"199-H1-7__ITER2","199-H1-7",2,6,0.162986640695455,53.4931574257285,55.4846219728365,-23.7465787128643,-37.5047222427635,0.315975724313306,0.000122850857899002,0.0669857657006072,0.38664609087284,20
"199-H2-1__ITER1","199-H2-1",1,0,2.26259876834334e-06,36.2712164768752,37.2669487504292,-16.1356082384376,-28.6890675883326,NA,0.00190379038943001,NA,9.15650857960675e-10,20
"199-H2-1__ITER2","199-H2-1",2,0,1.40801076353725e-08,34.0725271827474,35.2080213986765,-15.0362635913737,7.44868781966475,NA,-0.000264239314508338,NA,5.43150712633108e-17,23
"199-H3-25__ITER1","199-H3-25",1,NA,NA,NA,NA,NA,NA,NA,NA,NA,NA,NA
"199-H3-25__ITER2","199-H3-25",2,29,0.016653455913519,235.030041615628,239.891675213315,-114.515020807814,24.5908928005226,-0.181980663269039,-8.31123564600303e-05,0.00586002524550336,0.28287650427647,84
"199-H3-2A__ITER1","199-H3-2A",1,9,0.741517801788844,40.9931787477833,42.1230774627063,-17.4965893738916,4.82137175443374,0.0294669588375156,-0.000436544953949024,0.883489572264956,0.490051898245992,13
"199-H3-2A__ITER2","199-H3-2A",2,NA,NA,NA,NA,NA,NA,NA,NA,NA,NA,NA
"199-H3-2C__ITER1","199-H3-2C",1,0,0.447884672815899,45.7974172179915,46.5700059402313,-20.8987086089957,-0.131349375008647,NA,0.000276989910463299,NA,0.443778454630115,16
"199-H3-2C__ITER2","199-H3-2C",2,0,0,268.300186409563,271.652044543039,-132.150093204781,10.1355135801316,NA,-0.000369303820543736,NA,6.40057577579252e-177,211
"199-H3-3__ITER1","199-H3-3",1,83,0.000414605674775359,15.7488001661029,16.353970352091,-4.87440008305147,26.8737027317735,-0.25835468448917,0.000449902820939177,8.54405423503982e-07,3.95606878407519e-05,10
"199-H3-3__ITER2","199-H3-3",2,83,2.5140690467218e-06,50.4915193696842,53.0077124457271,-22.2457596848421,49.2720968895145,-0.348429270241301,-0.000424256735604939,0.00076917555016896,8.97974637034382e-11,26
"199-H3-32__ITER1","199-H3-32",1,NA,NA,NA,NA,NA,NA,NA,NA,NA,NA,NA
"199-H3-32__ITER2","199-H3-32",2,0,0.974354123127728,37.8508131775965,38.4157625350581,-16.9254065887983,5.36051630966808,NA,2.5580062852671e-06,NA,0.97435361358947,13
"199-H3-5__ITER1","199-H3-5",1,88,0.0155425856137247,28.6820451460898,29.6518584456658,-11.3410225730449,29.2343255674181,-0.217989331156923,4.59292878031638e-06,0.00053228457875795,0.968084343608168,12
"199-H3-5__ITER2","199-H3-5",2,88,0.00776121183523282,24.4510021673647,25.2467927129614,-9.22550108368235,68.1716703309013,-0.152445959406097,-0.00306161293436463,0.434494971461616,0.000178928638977322,11
"199-H3-5__ITER3","199-H3-5",3,NA,NA,NA,NA,NA,NA,NA,NA,NA,NA,NA
"199-H3-5__ITER4","199-H3-5",4,88,0.313173845215531,20.464091052866,20.3559113509766,-7.23204552643299,-18.8759263659295,0.218271328988849,-0.000202373267910655,0.438704310608609,0.122960399424261,7
"199-H3-6__ITER1","199-H3-6",1,3,2.16795484031529e-06,23.6889386899926,25.5778166483255,-8.84446934499631,-15.7360013662292,0.240840877066185,-0.000674861074317084,0.000319085511602828,4.13190256668045e-08,19
"199-H3-6__ITER2","199-H3-6",2,3,1.83777391687956e-05,6.67210536965088,7.06655452432332,-0.336052684825438,6.98524155651077,-0.111814127872577,0.000398888703717098,0.368586929762353,7.4770940701784e-20,9
"199-H3-9__ITER1","199-H3-9",1,0,0,59.9447570523069,62.4665456293559,-27.9723785261534,14.9798493310004,NA,-0.000636514312417654,NA,4.65059561383123e-162,92
"199-H3-9__ITER2","199-H3-9",2,0,0.829470809941854,179.731844995402,181.874979721794,-87.8659224977012,3.27303249268014,NA,-1.24216298496706e-05,NA,0.829439895557072,63
"199-H4-10__ITER1","199-H4-10",1,1,0.00524886323764939,28.4588306554659,29.4286439550419,-11.2294153277329,70.798359556351,-0.579411554345655,-8.79057431795045e-05,7.40176299058476e-05,0.865920679852922,12
"199-H4-10__ITER2","199-H4-10",2,NA,NA,NA,NA,NA,NA,NA,NA,NA,NA,NA
"199-H4-11__ITER1","199-H4-11",1,0,0.429832485361637,35.3216688427913,36.2914821423673,-14.6608344213956,14.3717816705553,-0.0461610084410574,-0.000484803185011773,0.741335671330294,0.22050684394905,12
"199-H4-11__ITER2","199-H4-11",2,0,0.00859831223279284,80.3355594213594,83.1379541846837,-37.1677797106797,44.4829336996034,-0.37164258281204,7.26207728809375e-06,0.00541377597306597,0.912702925197327,30
"199-H4-12A__ITER1","199-H4-12A",1,0,0.000563146855272367,64.6397516981951,67.2314254302038,-29.3198758490975,54.2204275408948,-0.384828645195696,-0.000507953075851559,0.000242401155621243,0.0267962347965204,27
"199-H4-12A__ITER2","199-H4-12A",2,0,8.34899750848939e-05,98.9700518853414,102.445391121908,-46.4850259426707,85.4529691740855,-0.666042368509846,-0.000433220871041387,6.53881044260442e-05,3.76385467520465e-05,42
"199-H4-12B__ITER1","199-H4-12B",1,0,0.0970660751419349,18.1213580153725,18.0131783134831,-6.06067900768623,57.883062050143,-0.352869236360228,-0.00101131947504474,0.0429148828787516,0.0331036240445182,7
"199-H4-12B__ITER2","199-H4-12B",2,0,NA,NA,NA,NA,NA,NA,NA,NA,NA,NA
"199-H4-12C__ITER1","199-H4-12C",1,0,1.14613307733435e-09,20.6727594391104,21.6684917126644,-8.33637971955519,-3.13051325148148,NA,0.000534220614379626,NA,3.33625548951189e-25,20
"199-H4-12C__ITER2","199-H4-12C",2,0,0,366.861661318188,370.199199397889,-181.430830659094,11.6450933429073,NA,-0.000421970357677074,NA,8.0790932138077e-90,208
"199-H4-15A__ITER1","199-H4-15A",1,0,0.0168847173864132,99.8249966865097,103.046832511798,-46.9124983432548,31.9997313850845,-0.215521524372283,-0.000299971422579736,0.0088623544626976,0.0523406254012595,37
"199-H4-15A__ITER2","199-H4-15A",2,0,0,377.904903021813,384.140890646647,-185.952451510907,53.177317113345,-0.349321548792745,-0.000663042776737073,3.92901359695324e-07,4.42390297941954e-34,167
"199-H4-15CP__ITER1","199-H4-15CP",1,NA,NA,NA,NA,NA,NA,NA,NA,NA,NA,NA
"199-H4-15CP__ITER2","199-H4-15CP",2,NA,NA,NA,NA,NA,NA,NA,NA,NA,NA,NA
"199-H4-15CR__ITER1","199-H4-15CR",1,0,0.136564950603982,21.8894141417592,21.968855683439,-8.94470707087959,20.0660159501556,NA,-0.00127006239924035,NA,0.109406091529914,8
"199-H4-15CR__ITER2","199-H4-15CR",2,0,0.681739774853575,21.4422214619283,21.3881316109836,-8.72111073096415,-0.55045100217629,NA,0.000110934798471155,NA,0.681504395559166,7
"199-H4-15CS__ITER1","199-H4-15CS",1,0,1.19337050862312e-05,7.30699629925727,7.50422087659349,-1.65349814962864,-0.364589782913191,NA,0.00035083477843302,NA,3.05694046252673e-16,9
"199-H4-15CS__ITER2","199-H4-15CS",2,NA,NA,NA,NA,NA,NA,NA,NA,NA,NA,NA
"199-H4-15CS__ITER3","199-H4-15CS",3,0,0.000187380230933787,23.8982641935871,24.4632135510486,-9.94913209679353,-3.19000536615572,NA,0.000411253825681224,NA,5.65270510861508e-07,13
"199-H4-16__ITER1","199-H4-16",1,20,0.0996461172774432,29.555975359294,30.3517659048908,-11.777987679647,19.596630872228,-0.108304229781804,-0.000385685244554618,0.141715670133402,0.187601164524446,11
"199-H4-16__ITER2","199-H4-16",2,NA,NA,NA,NA,NA,NA,NA,NA,NA,NA,NA
"199-H4-18__ITER1","199-H4-18",1,NA,NA,NA,NA,NA,NA,NA,NA,NA,NA,NA
"199-H4-18__ITER2","199-H4-18",2,NA,NA,NA,NA,NA,NA,NA,NA,NA,NA,NA
"199-H4-4__ITER1","199-H4-4",1,0,0.0202822313035688,62.8247870327366,65.0957754645949,-28.4123935163683,55.7641526383537,-0.405704921606585,-0.000467556612624006,0.0133785262624038,0.0943457892875368,23
"199-H4-4__ITER2","199-H4-4",2,0,7.06810532324909e-09,285.629193466255,291.011889230713,-139.814596733127,71.0334981630343,-0.582690708727688,-0.000138524395742986,2.02049290602066e-09,0.0581430335233963,109
"199-H4-45__ITER1","199-H4-45",1,24,0.0167446047804005,25.0684345214551,26.0382478210311,-9.53421726072756,-7.31713915770237,-0.0174370806385617,0.000775949656310296,0.722604719932301,0.000561714152491536,12
"199-H4-45__ITER2","199-H4-45",2,24,1.03336792771636e-05,55.4029558942347,58.1375475542077,-24.7014779471174,-3.95253259571569,0.00374032784000856,0.000282764638678375,0.967390961060191,3.24319745144368e-07,29
"199-H4-46__ITER1","199-H4-46",1,37,0.000694689110294244,11.0906731186865,11.2495562020462,-2.54533655934324,-4.05170104273148,-0.268368373680783,0.00257140276298191,0.110575689279309,1.30663913549819e-08,8
"199-H4-46__ITER2","199-H4-46",2,NA,NA,NA,NA,NA,NA,NA,NA,NA,NA,NA
"199-H4-49__ITER1","199-H4-49",1,NA,NA,NA,NA,NA,NA,NA,NA,NA,NA,NA
"199-H4-49__ITER2","199-H4-49",2,44,0.000166196149756215,62.1990082532358,64.7906819852445,-28.0995041266179,5.20387532572989,0.00398107632962413,-0.000208018289730971,0.956182129669951,0.000176495807518862,27
"199-H4-5__ITER1","199-H4-5",1,2,0.000205873597527106,90.8915974492847,94.0586353261969,-42.4457987246424,-6.48488939262503,0.202109173031203,-0.00105944203927762,0.0630885254337217,3.75375618356695e-05,36
"199-H4-5__ITER2","199-H4-5",2,2,0.000191511176982906,72.9067164521344,75.8997315750673,-33.4533582260672,47.0754631625881,-0.333006361657052,-0.000438388167912269,0.0870982173599034,1.63027086848503e-05,33
"199-H4-63__ITER1","199-H4-63",1,0,0.000105276389618103,87.9765138861559,91.1435517630681,-40.9882569430779,43.7778706297165,-0.334147858131975,-0.00018571277359034,7.82698082636462e-07,0.141583352811388,36
"199-H4-63__ITER2","199-H4-63",2,0,0,402.649227842525,408.848960698174,-198.324613921263,53.816021001992,-0.42045920308299,-0.000200085225248893,4.96188120409815e-20,2.6505695905091e-08,164
"199-H4-64__ITER1","199-H4-64",1,0,0.0186181850543286,77.3135536817468,80.0481453417197,-35.6567768408734,26.6991992956904,-0.119428520453772,-0.000704226738520315,0.329686674062608,0.00249816404134339,29
"199-H4-64__ITER2","199-H4-64",2,0,0,296.154485318494,301.858545846333,-145.077242659247,59.1666733554315,-0.421744332563447,-0.000554646164762109,7.8440665353692e-09,4.66595795457649e-16,128
"199-H4-65__ITER1","199-H4-65",1,9,0.956744055829407,32.8785770318633,33.4837472178514,-13.4392885159316,13.0035497292856,-0.0981146163322786,-1.30709465290258e-05,0.765360914094171,0.987450998952661,10
"199-H4-65__ITER2","199-H4-65",2,9,0.381484587444787,87.9470618938442,90.6816535538171,-40.9735309469221,19.8867588359075,-0.16462530140082,5.5154240916564e-05,0.345658012590592,0.627253303054752,29
"199-H4-69__ITER1","199-H4-69",1,15,7.20580262125736e-11,342.942224678118,348.752774234995,-168.471112339059,5.98239599225973,-0.100423928053626,0.00043385535045779,0.0804787026239781,3.21854052713625e-12,135
"199-H4-69__ITER2","199-H4-69",2,15,0.118583509336384,83.8549897490753,86.6573845123996,-38.9274948745376,15.4331257198854,-0.0657365563679706,-0.000290118855889907,0.388067629915885,0.0599174163362808,30
"199-H4-70__ITER1","199-H4-70",1,83,0.320605556454321,220.314124696797,225.268798325753,-107.157062348399,-21.2994826877909,0.15553047491135,0.000217958414853139,0.21672899118833,0.233897902511456,88
"199-H4-70__ITER2","199-H4-70",2,5,0.0514773681290329,241.118342248158,246.027036840665,-117.559171124079,-11.2363289827076,0.0966593067689947,0.000124587706135325,0.0592988116612978,0.0476948077462394,86
"199-H4-8__ITER1","199-H4-8",1,10,0.252882453996161,24.3566895227349,24.5155726060946,-9.17834476136744,17.852587157908,-0.0270107626003963,-0.000945925959731791,0.897972367380646,0.135634091783279,8
"199-H4-8__ITER2","199-H4-8",2,10,0.859200401827737,65.7608943394596,68.1170020001555,-29.8804471697298,-4.53060145579927,0.0416760257741057,4.44616881069332e-05,0.757055357457499,0.689001318906589,24
"199-H4-83__ITER1","199-H4-83",1,2,0.614180043430414,23.1138491074681,23.0056694055788,-8.55692455373407,31.0521468161567,-0.304500851067095,0.000335561798289875,0.339792355414631,0.644086814293728,7
"199-H4-83__ITER2","199-H4-83",2,NA,NA,NA,NA,NA,NA,NA,NA,NA,NA,NA
"199-H4-83__ITER3","199-H4-83",3,2,0.0374273624741005,23.5345617613089,23.9290109159813,-8.76728088065444,60.8975197044799,-0.62172508083997,0.000686200266247481,0.197659620844498,0.179756956605264,9
"199-H4-84__ITER1","199-H4-84",1,11,0.0156573561071368,165.134816833472,169.289891721284,-79.5674084167362,-31.6081065431539,0.289416803281648,7.21214033838522e-05,0.00394238817788386,0.574416113991963,59
"199-H4-84__ITER2","199-H4-84",2,11,8.74901944558637e-07,60.2209574015533,63.0233521648776,-27.1104787007767,-83.5822526415265,0.369279044466314,0.00229584577475828,0.12815971332088,1.24264780305428e-11,30
"199-H4-85__ITER1","199-H4-85",1,3,0.000627046528673625,27.9437876962311,29.2219023554616,-10.9718938481156,19.0434401688704,0.0262785226529154,-0.00116730686758509,0.83899138227685,3.16576573152381e-07,14
"199-H4-85__ITER2","199-H4-85",2,3,0.168254884910131,74.6943472379093,77.2105403139523,-34.3471736189546,17.6298046632568,-0.134798632536595,-5.41276017839231e-05,0.0633739436147722,0.592686667423478,26
"199-H4-93__ITER1","199-H4-93",1,86,0,34.1028693020863,38.2237553231792,-14.0514346510432,47.0184950706326,-0.118157679806859,-0.0017357678437092,0.00371446495075351,3.34423841909152e-115,58
"199-H4-93__ITER2","199-H4-93",2,17,0.0179007981154612,137.633144271146,141.375546292962,-65.8165721355729,45.4688259102329,-0.371163126090598,-6.95390869370626e-05,0.00369978613842662,0.774364881371982,48
"199-H5-1A__ITER1","199-H5-1A",1,62,1.13362796825278e-05,5.70584150914198,6.10029066381441,0.147079245429012,-16.5009070955039,-0.0240797498960042,0.00150942385797291,0.783875271713173,2.97208188668586e-22,9
"199-H5-1A__ITER2","199-H5-1A",2,62,0.00605774138831705,68.8495502912417,71.3657433672847,-31.4247751456209,23.7142103915103,-0.118197874770658,-0.000491966403814449,0.638092704260099,0.00366442263809317,26
"199-K-107A__ITER1","199-K-107A",1,NA,NA,NA,NA,NA,NA,NA,NA,NA,NA,NA
"199-K-107A__ITER2","199-K-107A",2,11,0.000341898604838797,40.9303943737639,42.8192723320968,-17.465197186882,22.6096844766611,-0.103546228538022,-0.000491954202797514,0.26886491275665,2.55024030985519e-05,19
"199-K-107A__ITER3","199-K-107A",3,11,0.00102116810807618,28.9191511137075,30.197265772938,-11.4595755568538,-11.4359656236986,0.000790042209274667,0.00078192304622196,0.973775264691485,2.57588907378836e-06,14
"199-K-107A__ITER4","199-K-107A",4,11,0.163309025885504,66.8703347567631,69.1413231886214,-30.4351673783815,2.05336164688082,0.0280966378966718,-0.000177389789636648,0.704105257633897,0.0783846413297695,23
"199-K-108A__ITER1","199-K-108A",1,20,0.317737966641407,48.9202350777747,50.5866617658871,-21.4601175388873,-10.1872248846968,-0.0257459008246707,0.00125940424547678,0.822975539960263,0.123150337279948,17
"199-K-108A__ITER2","199-K-108A",2,NA,NA,NA,NA,NA,NA,NA,NA,NA,NA,NA
"199-K-108A__ITER3","199-K-108A",3,20,0.0399025072832226,91.2200308809762,94.3870687578884,-42.6100154404881,23.6732751749466,-0.209778162155205,0.000151277088679213,0.016561583204278,0.252461132339868,36
"199-K-108A__ITER4","199-K-108A",4,NA,NA,NA,NA,NA,NA,NA,NA,NA,NA,NA
"199-K-108A__ITER5","199-K-108A",5,20,0.000139268557688532,50.4905691499306,52.7615575817889,-22.2452845749653,-39.7082817293555,0.230357335086723,0.000766480954420284,0.0210203095011326,2.37035202513598e-07,23
"199-K-11__ITER1","199-K-11",1,NA,NA,NA,NA,NA,NA,NA,NA,NA,NA,NA
"199-K-11__ITER2","199-K-11",2,12,0.00734588460692887,20.4005626667738,20.7950118214463,-7.20028133338691,-96.8141036333379,0.813497822810076,0.000140037110101671,0.000103470074188066,0.55655475038785,9
"199-K-11__ITER3","199-K-11",3,NA,NA,NA,NA,NA,NA,NA,NA,NA,NA,NA
"199-K-11__ITER4","199-K-11",4,12,0.0072199416469706,35.2587503611361,36.6748507633406,-14.6293751805681,-12.8381902331598,0.114486356860732,3.50462303392492e-05,0.000205550844568648,0.573942070096258,15
"199-K-111A__ITER1","199-K-111A",1,42,1.5101775385773e-10,24.5898930770024,26.8608815088607,-9.2949465385012,-21.0291211513277,0.0275667338184433,0.00147275778414385,0.680171369681258,1.48511496563933e-32,23
"199-K-111A__ITER2","199-K-111A",2,42,0.0359800387759509,50.2428051121386,52.1316830704715,-22.1214025560693,14.1275965196092,-0.0278097620882346,-0.000298772649960832,0.608570467526516,0.0048242247645267,19
"199-K-111A__ITER3","199-K-111A",3,42,3.91893073548033e-10,7.89322716329375,9.55965385140618,-0.946613581646874,24.2663386378106,0.176313022802401,-0.00216704791119022,0.0593110022697247,2.11290472433321e-44,17
"199-K-113A__ITER1","199-K-113A",1,1,5.1296540098944e-06,21.1723182327861,22.5884186349905,-7.58615911639303,92.0022027759331,-0.696493273859054,-0.000437462204205382,6.17199291492583e-15,0.578616070365913,15
"199-K-113A__ITER2","199-K-113A",2,1,5.60782087433154e-09,613.748828388715,620.545153791751,-303.874414194358,46.0720412562917,-0.388847651886637,6.62038016415287e-05,6.6320310842589e-09,0.0957579540412157,221
"199-K-114A__ITER1","199-K-114A",1,0,3.7603156921584e-06,20.551247637003,21.9673480392074,-7.2756238185015,164.354503538042,-1.02897708283453,-0.00280300462697356,2.34097712222022e-15,0.00774003686766212,15
"199-K-114A__ITER2","199-K-114A",2,0,6.72338370277803e-06,622.624288700589,629.438632243509,-308.312144350294,47.1645979733396,-0.386430681338681,-3.82913243928903e-05,4.92838766002724e-07,0.396950504474727,223
"199-K-115A__ITER1","199-K-115A",1,16,0.00432653890733004,34.6472881535112,36.0633885557156,-14.3236440767556,41.5306975194579,-0.329461679684594,0.000115041668794056,8.24025836172983e-05,0.866290573014971,15
"199-K-115A__ITER2","199-K-115A",2,16,0,585.306691987601,592.22586301589,-289.653345993801,68.3182422047547,-0.501690613496261,-0.00042097766035017,1.60128470827583e-18,1.6058306112548e-22,235
"199-K-116A__ITER1","199-K-116A",1,2,0.00018213860546723,25.471282135114,26.7493967943445,-9.73564106755698,34.3489705917587,-0.228176524853617,-0.000251075405655775,5.82209490701299e-09,0.527090517764732,14
"199-K-116A__ITER2","199-K-116A",2,2,0,525.916233120208,532.757303118752,-259.958116560104,23.0791120620382,-0.122788390385826,-0.000420784652870884,0.00111094932434512,1.51695458830743e-44,226
"199-K-117A__ITER1","199-K-117A",1,NA,NA,NA,NA,NA,NA,NA,NA,NA,NA,NA
"199-K-117A__ITER2","199-K-117A",2,1,0.00264276403647512,16.6089864247455,17.0034355794179,-5.30449321237274,24.7126484120529,-0.233666453659016,0.000207989533968462,0.00564942245929411,6.67908144720539e-05,9
"199-K-119A__ITER1","199-K-119A",1,21,0.492140460916595,41.274785092446,42.5528997516765,-17.637392546223,-19.2127455750753,0.032553876085897,0.00122357995061018,0.803242852725667,0.227636445804353,14
"199-K-119A__ITER2","199-K-119A",2,NA,NA,NA,NA,NA,NA,NA,NA,NA,NA,NA
"199-K-120A__ITER1","199-K-120A",1,15,0.0013844461753606,29.52785713418,30.8059717934105,-11.76392856709,21.9783826471636,0.0549312995913044,-0.0017639169138772,0.307753724123204,1.38854841338904e-05,14
"199-K-120A__ITER2","199-K-120A",2,15,3.21964677141295e-14,561.683177279017,568.358253438419,-277.841588639508,0.762776047992519,0.045425857741535,-0.0002991355326512,0.36863867147378,3.35736098329442e-15,208
"199-K-125A__ITER1","199-K-125A",1,23,0.55469202663895,38.6731622111447,39.8030609260678,-16.3365811055724,18.171161682255,-0.0393226783994758,-0.000777643541697577,0.765878447661877,0.267403050898358,13
"199-K-125A__ITER2","199-K-125A",2,23,0.0540957513531939,82.5026397705887,85.6696776475009,-38.2513198852943,7.04796995069929,-0.0239038598568857,-0.000207813549005159,0.817772130057193,0.0154926348938324,36
"199-K-126__ITER1","199-K-126",1,NA,NA,NA,NA,NA,NA,NA,NA,NA,NA,NA
"199-K-126__ITER2","199-K-126",2,36,1.79449159665168e-06,24.7517139396297,26.4181406277421,-9.37585696981483,47.3207800073124,-0.336477869010857,-0.000305014086865167,1.44746385888894e-05,3.95811144780048e-15,17
"199-K-127__ITER1","199-K-127",1,24,0.732824746053743,42.0710699255502,43.3491845847808,-18.0355349627751,-0.589012746004227,0.0599695769987377,-0.000289324826339639,0.569534963651918,0.73517459307908,14
"199-K-127__ITER2","199-K-127",2,24,9.73781766444581e-07,624.914617939423,631.719972703168,-309.457308969712,-4.6791012928332,0.0744594979550316,-0.000198599564577077,0.189046283745563,4.68375710368842e-06,222
"199-K-129__ITER1","199-K-129",1,35,0.000119019798884179,18.937946870008,19.907760169584,-6.46897343500401,23.1301329939609,-0.162803624491693,-1.49542481210689e-05,8.76825282597423e-11,0.935281361046296,12
"199-K-129__ITER2","199-K-129",2,20,1.46123763911099e-06,466.928843868615,473.152819445328,-230.464421934308,65.795095409318,-0.53419114476595,-5.21007637809528e-05,8.6923370665025e-08,0.301016007015661,166
"199-K-130__ITER1","199-K-130",1,43,0.000336872272436395,46.5792115210428,48.6682563964896,-20.2896057605214,4.43847691035644,0.057102295899742,-0.000498804400821552,0.0221897477053725,1.83235492664326e-05,21
"199-K-130__ITER2","199-K-130",2,43,0,482.68411689081,489.603287919098,-238.342058445405,24.2094174218105,-0.121640288278135,-0.0004411667025337,0.00874151341059047,3.56985390094653e-71,235
"199-K-131__ITER1","199-K-131",1,14,0,51.6711897288486,58.0007616766956,-22.8355948644243,36.440027580519,-0.114562610221306,-0.00130429403062719,0.000231130689892287,0,175
"199-K-131__ITER2","199-K-131",2,14,0.561508487357227,21.631827927253,21.5236482253636,-7.81591396362651,12.1755400900737,-0.0977393450046247,5.62097057658676e-05,0.455802326861259,0.562085141052298,7
"199-K-132__ITER1","199-K-132",1,1,0,60.0730855304034,63.9367367958521,-27.0365427652017,25.8189228203878,0.0286380654528089,-0.00179488730094904,0.030817620765704,5.56478541672722e-46,51
"199-K-132__ITER2","199-K-132",2,1,0,286.303036123389,292.51492707119,-140.151518061695,6.00363645983818,0.0436752718710796,-0.000542440030986187,0.0013232581975904,7.29260772330351e-77,165
"199-K-132__ITER3","199-K-132",3,1,0.00307460127826664,45.3232269541717,47.2121049125046,-19.6616134770858,22.954221531756,-0.0999590442996369,-0.000486815941274049,0.000735352850871642,0.0190497295370743,19
"199-K-132__ITER4","199-K-132",4,1,0.000376553980600547,46.8019266545733,48.8909715300202,-20.4009633272867,19.0894355503136,-0.102837915323128,-0.000229115096113274,0.0366921399502241,5.39302880494121e-06,21
"199-K-137__ITER1","199-K-137",1,15,3.34623440068071e-11,-2.7079408319102,-1.29184042970578,4.3539704159551,55.2285621421105,-0.0690932350137021,-0.00281534685106764,2.80059024056279e-05,1.66660622017469e-78,15
"199-K-137__ITER2","199-K-137",2,15,0,208.794532349687,215.267416275347,-101.397266174843,35.7210933986416,-0.086722644807119,-0.00138233822303068,0.00261994728426889,8.11158325743696e-176,188
"199-K-137__ITER3","199-K-137",3,15,1.70385889008973e-06,16.1275374316863,17.4056520909168,-5.06376871584313,-58.061879924082,0.0134108540623675,0.00348017774813487,0.787899991276662,6.3578392480065e-19,14
"199-K-137__ITER4","199-K-137",4,15,0.104751437342287,350.380372168655,356.020935299866,-172.190186084328,-1.75301679483706,0.0452148489234402,-3.88192629098573e-05,0.110874349592204,0.33877300004646,124
"199-K-138__ITER1","199-K-138",1,0,0,204.999529487198,211.858220745107,-99.4997647435988,19.6462168910855,-0.0631459052216959,-0.00060278720667388,3.61364840784549e-08,3.02443516006656e-276,228
"199-K-138__ITER2","199-K-138",2,0,NA,NA,NA,NA,NA,NA,NA,NA,NA,NA
"199-K-138__ITER3","199-K-138",3,0,0.69891688467687,67.532335088566,69.8033235204243,-30.766167544283,-5.05943839624474,0.0629839002082671,-7.96251727519862e-06,0.402646418285147,0.922529764142123,23
"199-K-139__ITER1","199-K-139",1,10,0,204.310362295568,210.639934243415,-99.1551811477838,34.3260756245864,-0.113918463137041,-0.00114188642728581,3.80447982646203e-05,5.47578542291377e-153,175
"199-K-139__ITER2","199-K-139",2,NA,NA,NA,NA,NA,NA,NA,NA,NA,NA,NA
"199-K-139__ITER3","199-K-139",3,10,0.158617255479887,64.3028611894614,66.484946096178,-29.1514305947307,12.59985507721,-0.0622096116880779,-0.000165485477552044,0.364997822400066,0.056590502562671,22
"199-K-140__ITER1","199-K-140",1,10,9.794493728843e-06,363.042301480247,368.852851037124,-178.521150740123,3.10196333347547,0.012083958022495,-0.000128947680847739,0.662355164508734,5.7403369600964e-07,135
"199-K-140__ITER2","199-K-140",2,NA,NA,NA,NA,NA,NA,NA,NA,NA,NA,NA
"199-K-140__ITER3","199-K-140",3,10,0.154947882128398,64.5194490624086,66.7904374942669,-29.2597245312043,1.11204081281957,0.0281988377496851,-0.000121212835307587,0.617903563435459,0.0551332654470888,23
"199-K-141__ITER1","199-K-141",1,NA,NA,NA,NA,NA,NA,NA,NA,NA,NA,NA
"199-K-141__ITER2","199-K-141",2,10,0,394.154683917195,400.472794515624,-194.077341958597,14.7750624080118,-0.065754535755108,-0.000226009807583432,0.00458959266215048,1.60196767867228e-30,174
"199-K-142__ITER1","199-K-142",1,NA,NA,NA,NA,NA,NA,NA,NA,NA,NA,NA
"199-K-142__ITER2","199-K-142",2,21,0.00181697500225864,70.0984803302228,72.7628893505732,-32.0492401651114,-0.992478077697365,-0.0454693735898233,0.000474890450036353,0.780468836308012,0.000144638707089284,28
"199-K-144__ITER1","199-K-144",1,NA,NA,NA,NA,NA,NA,NA,NA,NA,NA,NA
"199-K-144__ITER2","199-K-144",2,13,0,380.637465030983,387.539541938115,-187.318732515492,1.85667322402515,0.0466738827007506,-0.000269729460526984,0.00589808204437097,2.53381273109596e-113,233
"199-K-145__ITER1","199-K-145",1,8,2.22044604925031e-16,75.966879714456,79.8305309799047,-34.983439857228,-0.122508838736276,-0.0825501497728461,0.000952718659029078,2.85253086856169e-05,9.95579669005989e-34,51
"199-K-145__ITER2","199-K-145",2,0,0,362.531839841066,369.206916000469,-178.265919920533,14.2365323048333,-0.00384514124980519,-0.000692066451864021,0.926927038473043,1.27279602095606e-106,208
"199-K-146__ITER1","199-K-146",1,9,0,138.012923271437,143.203162971706,-66.0064616357185,61.9814285336019,-0.263083639561631,-0.00189377594858819,7.59471242881805e-12,1.02091756628738e-59,99
"199-K-146__ITER2","199-K-146",2,22,0,367.498761575876,373.636569980316,-180.749380787938,23.4697505768011,-0.224115259365259,0.000279476842685538,6.40583436811925e-06,1.44398424241709e-16,159
"199-K-148__ITER1","199-K-148",1,38,0,130.196413858544,136.371606529009,-62.0982069292721,51.6373069211032,-0.265167298955136,-0.0011127785599423,5.02227675127775e-15,8.74660259458318e-227,162
"199-K-148__ITER2","199-K-148",2,64,0.00012140857600329,230.520376871734,235.38201046942,-112.260188435867,-33.6934504670013,0.239645216859292,0.000353518002743888,0.00351848053443224,6.68014660203183e-05,84
"199-K-152__ITER1","199-K-152",1,54,0,345.887591943217,351.948467786002,-169.943795971608,8.5676313066347,0.0148425353255582,-0.000417359820986687,0.738578042336597,5.78028457021266e-26,153
"199-K-152__ITER2","199-K-152",2,54,0.652667693568556,166.73477443212,170.855660453213,-80.3673872160599,0.100545862202254,0.0071130285444538,8.56873550122297e-05,0.906361146185348,0.382800685275113,58
"199-K-153__ITER1","199-K-153",1,0,0,219.054593427057,222.038200048766,-107.527296713529,8.4763499596522,NA,-0.000342215642394748,NA,4.93849139628242e-92,146
"199-K-153__ITER2","199-K-153",2,0,0.0117010302473262,130.279215057473,132.129362659183,-63.1396075287366,13.1877911608525,NA,-0.000582436280089818,NA,0.00917747792027827,47
"199-K-154__ITER1","199-K-154",1,25,0,53.8855387189817,60.3477559526909,-23.9427693594908,13.4431139513868,-0.0163872589454733,-0.000477224149110868,0.245110097890844,0,187
"199-K-154__ITER2","199-K-154",2,22,0.00101569677383373,119.746954495122,123.4042372881,-56.8734772475609,-12.9860932243115,0.184987947853286,-0.000323130884239562,0.0245161755073011,0.0388915836720757,46
"199-K-157__ITER1","199-K-157",1,31,0,6.41244723837402,9.40546236130698,-0.206223619187011,32.6825197415105,-0.106844819727769,-0.00111216760381277,0.0156870468244781,1.68666084268199e-104,33
"199-K-157__ITER2","199-K-157",2,31,0.539835313554986,44.4941008778776,46.16052756599,-19.2470504389388,-16.9071013329942,0.134038248200922,9.93849561297324e-05,0.240908295879488,0.414788731880002,17
"199-K-161__ITER1","199-K-161",1,20,0,155.833790403318,161.717075248536,-74.9168952016589,109.842165850031,-0.540847377057792,-0.00291467932362497,1.46757334213634e-24,3.0480774152321e-102,140
"199-K-161__ITER2","199-K-161",2,19,0,291.471856090733,297.369375871489,-142.735928045366,68.1465342924967,-0.59949456764564,0.000267050060108631,6.19605339785859e-21,3.97560627882496e-11,141
"199-K-163__ITER1","199-K-163",1,48,0,32.6815799478296,38.4471837930024,-13.3407899739148,32.7748151418674,-0.0840654267846197,-0.00126451577916255,0.00761577170407455,0,132
"199-K-163__ITER2","199-K-163",2,48,3.66005766316846e-06,264.283679286509,269.433101243516,-129.141839643254,-14.9988157360723,0.0546071623240667,0.000520697269392536,0.556176977666998,1.04931561909007e-07,97
"199-K-165__ITER1","199-K-165",1,8,0,129.922239833772,136.908362720454,-61.9611199168862,35.8684924651738,-0.0674180200577167,-0.00151805621704608,0.000579532371596489,0,243
"199-K-165__ITER2","199-K-165",2,8,1.04838360215354e-12,-12.4746979722304,-11.1965833129999,9.23734898611519,-32.7528482713608,-0.0942022858129287,0.00272644463723963,8.77290306105096e-11,9.45626566370951e-146,14
"199-K-165__ITER3","199-K-165",3,8,0.00623398829078148,336.219250805303,341.794234290867,-165.109625402652,-9.72825665246219,0.109075896874379,-6.36830275675324e-05,0.00710999676878254,0.30645969510909,120
"199-K-166__ITER1","199-K-166",1,10,0,477.54272082863,484.487262175973,-235.771360414315,49.7525900349293,-0.303778621811826,-0.000709362984988575,8.20835025829523e-22,4.17898809529082e-40,238
"199-K-166__ITER2","199-K-166",2,NA,NA,NA,NA,NA,NA,NA,NA,NA,NA,NA
"199-K-166__ITER3","199-K-166",3,10,1.51878509768721e-13,789.072226124443,796.432571342477,-391.536113062221,37.7009718480793,-0.173666529065327,-0.000798915035602756,0.00216140470064829,1.11004010640251e-14,293
"199-K-168__ITER1","199-K-168",1,5,0,13.7816167586433,20.2861636147366,-3.89080837932166,31.0294925727075,-0.101745412618855,-0.000987481863597884,1.53168340023775e-15,0,191
"199-K-168__ITER2","199-K-168",2,NA,NA,NA,NA,NA,NA,NA,NA,NA,NA,NA
"199-K-168__ITER3","199-K-168",3,5,0.000724445738962687,53.7885746013465,56.0595630332048,-23.8942873006732,12.7154680422193,-0.0583786187487689,-0.000187041857789648,0.0967640811292047,9.16388341367422e-06,23
"199-K-171__ITER1","199-K-171",1,48,0,82.9754253582221,88.8153872098783,-38.487712679111,16.8572379484462,-0.0191445150457569,-0.000709930518664967,0.327163099717398,2.49654291643953e-250,137
"199-K-171__ITER2","199-K-171",2,87,0.912372128524451,206.275489723309,210.772480207408,-100.137744861655,-1.70202143606255,0.0297661019736878,-1.54275503347611e-05,0.692771514743657,0.901510144918099,70
"199-K-174__ITER1","199-K-174",1,NA,NA,NA,NA,NA,NA,NA,NA,NA,NA,NA
"199-K-174__ITER2","199-K-174",2,NA,NA,NA,NA,NA,NA,NA,NA,NA,NA,NA
"199-K-174__ITER3","199-K-174",3,NA,NA,NA,NA,NA,NA,NA,NA,NA,NA,NA
"199-K-174__ITER4","199-K-174",4,28,0.025803865098856,22.7019198863382,23.3070900723263,-8.35095994316908,-10.0811486571649,-0.118458462409421,0.00131357913644197,0.294540777475643,0.011550888012882,10
"199-K-175__ITER1","199-K-175",1,NA,NA,NA,NA,NA,NA,NA,NA,NA,NA,NA
"199-K-175__ITER2","199-K-175",2,NA,NA,NA,NA,NA,NA,NA,NA,NA,NA,NA
"199-K-175__ITER3","199-K-175",3,NA,NA,NA,NA,NA,NA,NA,NA,NA,NA,NA
"199-K-175__ITER4","199-K-175",4,34,0.0105130311428266,22.2148860473613,22.8200562333493,-8.10744302368063,5.5881565540695,0.0682579778531892,-0.000608246187807415,0.0639841312981706,0.00433907072084575,10
"199-K-178__ITER1","199-K-178",1,4,0,311.32585637769,317.373617419382,-152.662928188845,16.2849959851531,-0.0749754631156535,-0.00026764309767801,0.000223761893747059,4.21098861730121e-41,152
"199-K-178__ITER2","199-K-178",2,1,0.196707775337274,130.279243294856,133.936526087835,-62.1396216474282,20.9123685834295,-0.140756367181154,-0.000100132898886392,0.0700145112252897,0.603039590484597,46
"199-K-18__ITER1","199-K-18",1,16,0.150062148838976,33.2169767828329,34.1867900824089,-13.6084883914164,-0.0669435660069757,0.0168767043565026,0.000224443815553454,0.276193676661789,0.0401660276215587,12
"199-K-18__ITER2","199-K-18",2,16,0,2.45690620215622,5.97930643354334,1.77154689892189,48.0752611373761,-0.16357208670663,-0.00161716677600877,0.00343184096036189,5.08810985475442e-135,43
"199-K-183__ITER1","199-K-183",1,7,0.0552261164210446,58.827036833789,60.9160817092358,-26.4135184168945,-4.50256602769434,0.019622603027371,0.000256175494291598,0.634040697028723,0.0143105530935192,21
"199-K-183__ITER2","199-K-183",2,NA,NA,NA,NA,NA,NA,NA,NA,NA,NA,NA
"199-K-183__ITER3","199-K-183",3,7,0.613787911806979,67.2725703262534,69.5435587581117,-30.6362851631267,-0.841496064390755,0.0336848520363777,-4.80112328651346e-05,0.554884863517857,0.485490238580696,23
"199-K-184__ITER1","199-K-184",1,0,1.21322945321189e-05,41.4284775103237,42.4729999480471,-18.7142387551618,14.6730271846105,NA,-0.000759635816928692,NA,2.26707706196973e-08,21
"199-K-184__ITER2","199-K-184",2,NA,NA,NA,NA,NA,NA,NA,NA,NA,NA,NA
"199-K-184__ITER3","199-K-184",3,0,0.591903518969922,63.1224737494587,64.213516202817,-29.5612368747293,1.07536121383105,NA,5.4020758884246e-05,NA,0.590690914185696,22
"199-K-185__ITER1","199-K-185",1,1,0.0772844526852843,56.59809026409,58.6871351395369,-25.299045132045,7.88262376760254,-0.0807833311571574,0.000212121671011107,0.229508098898467,0.0968958371958657,21
"199-K-185__ITER2","199-K-185",2,1,0.699140274222308,22.0702769491708,21.9620972472814,-8.03513847458538,33.0690752673027,-0.135192521552506,-0.000880929884343776,0.532035465409734,0.477482682862449,7
"199-K-185__ITER3","199-K-185",3,1,0.178040023072959,66.4110817187465,68.6820701506048,-30.2055408593733,15.2999530285231,-0.087560814106833,-0.000174815758438948,0.29913588333293,0.0656308871844082,23
"199-K-188__ITER1","199-K-188",1,0,0.00186598884939193,31.015864198778,31.6549215283932,-13.507932099389,16.8988595553881,NA,-0.000853910159512987,NA,0.000188163726025369,14
"199-K-188__ITER2","199-K-188",2,0,0.025559543419102,1010.69579355563,1014.5679113451,-503.347896777813,-2.74293257514329,NA,0.000339458366932332,NA,0.0250128324410433,355
"199-K-189__ITER1","199-K-189",1,0,0.0256058452621848,53.1442260233887,54.1399582969427,-24.5721130116944,17.9515542889282,NA,-0.000989380278490727,NA,0.0169085809238105,20
"199-K-189__ITER2","199-K-189",2,0,7.65326343410422e-08,48.7118006996429,50.0076375656473,-22.3559003498215,-8.32042917530616,NA,0.000569276277494687,NA,6.39826197115305e-13,27
"199-K-19__ITER1","199-K-19",1,NA,NA,NA,NA,NA,NA,NA,NA,NA,NA,NA
"199-K-19__ITER2","199-K-19",2,20,3.32314790019161e-07,78.9423504043982,82.217522723851,-36.4711752021991,-3.39885874190408,0.0766443400829204,-0.000250202150076255,0.182618119288529,1.38128225050074e-09,38
"199-K-193__ITER1","199-K-193",1,0,0.0758561149178,74.4521685692999,75.7480054353042,-35.2260842846499,-0.27299088089675,NA,0.000204589761372904,NA,0.0674987866638655,27
"199-K-193__ITER2","199-K-193",2,0,2.22044604925031e-16,172.058621570947,174.48943836979,-84.0293107854733,8.28404205993726,NA,-0.00026273767140947,NA,3.02031126153203e-24,84
"199-K-196__ITER1","199-K-196",1,0,0.000184838312161428,135.05709571213,138.959583149293,-64.5285478560649,14.0456743091041,-0.0368117754481343,-0.000437486820630286,0.394362622502976,6.65448893724322e-06,52
"199-K-196__ITER2","199-K-196",2,0,NA,NA,NA,NA,NA,NA,NA,NA,NA,NA
"199-K-196__ITER3","199-K-196",3,0,0.000412527310225896,296.654892357877,302.019154812126,-145.327446178939,-5.93442226809091,0.106441775454686,-0.000237075570212717,0.0322636523575584,0.00192901458739995,108
"199-K-20__ITER1","199-K-20",1,8,0.282600965738949,31.6407969698507,32.4365875154474,-12.8203984849253,5.20699602510075,0.108127307826811,-0.00114122724583306,0.457318297312506,0.230636739100372,11
"199-K-20__ITER2","199-K-20",2,NA,NA,NA,NA,NA,NA,NA,NA,NA,NA,NA
"199-K-204__ITER1","199-K-204",1,NA,NA,NA,NA,NA,NA,NA,NA,NA,NA,NA
"199-K-204__ITER2","199-K-204",2,12,0.250094095279674,44.6903182952153,46.1064186974197,-19.3451591476076,34.6264999761788,-0.0075054422107451,-0.00189989440957181,0.95672857090357,0.0817321637192631,15
"199-K-204__ITER3","199-K-204",3,12,0.492880005693791,66.8338029268383,69.1047913586966,-30.4169014634192,-5.71230220330665,0.0406546670951128,0.000125693174637278,0.58515643765404,0.228238655667619,23
"199-K-205__ITER1","199-K-205",1,24,0,8.15462963623365,13.2623834194347,-1.07731481811683,125.397263244493,-0.0915036298286421,-0.00664671757372293,0.0215185213727789,0,95
"199-K-205__ITER2","199-K-205",2,24,1.00594794716358e-08,20.0628862268532,21.9517641851861,-7.03144311342659,-78.0291006383973,-0.268316516566282,0.00668039992811797,0.00444137490882059,3.60810555060564e-20,19
"199-K-205__ITER3","199-K-205",3,24,2.2381096975721e-11,813.829489806925,821.256955417943,-403.914744903462,42.5456739110517,-0.195869146276683,-0.000863673602992873,4.63605316296659e-07,2.52665938831439e-10,303
"199-K-205__ITER4","199-K-205",4,24,3.00870439673417e-14,170.58919166819,175.378089977535,-82.2945958340952,-14.1549161552434,-0.0573516280015649,0.00125677971277591,0.29856757540612,5.37361048872491e-20,81
"199-K-206__ITER1","199-K-206",1,NA,NA,NA,NA,NA,NA,NA,NA,NA,NA,NA
"199-K-206__ITER2","199-K-206",2,NA,NA,NA,NA,NA,NA,NA,NA,NA,NA,NA
"199-K-206__ITER3","199-K-206",3,25,0.00904999374055637,21.5433966310116,22.3391871766084,-7.77169831550582,-15.8247773592915,0.0838192869976619,0.000394483783113169,0.00406501057456003,0.00883798581632334,11
"199-K-21__ITER1","199-K-21",1,NA,NA,NA,NA,NA,NA,NA,NA,NA,NA,NA
"199-K-21__ITER2","199-K-21",2,6,0.000283757290857833,90.7851249400156,93.9521628169278,-42.3925624700078,-45.1796095650936,0.438375046222769,-0.000319798708255031,0.00134349100364341,0.00121022375389675,36
"199-K-212__ITER1","199-K-212",1,66,4.05029165762016e-09,134.395845917257,138.550920805068,-64.1979229586283,24.3884526960347,-0.0637632559058294,-0.000864890241320455,0.229857134096534,2.84659488802829e-12,59
"199-K-212__ITER2","199-K-212",2,24,0.0867917979482875,199.056354065346,203.524567074541,-96.5281770326732,-14.0600828022293,0.0788791464319051,0.000332183236162657,0.393383931294373,0.0282354927147437,69
"199-K-22__ITER1","199-K-22",1,NA,NA,NA,NA,NA,NA,NA,NA,NA,NA,NA
"199-K-22__ITER2","199-K-22",2,9,0,31.7495188027831,35.1272777110109,-12.8747594013915,-8.66456635605725,0.203225620922843,-0.000737940657523996,0.000892180662445276,8.17415637004449e-65,40
"199-K-223__ITER1","199-K-223",1,NA,NA,NA,NA,NA,NA,NA,NA,NA,NA,NA
"199-K-223__ITER2","199-K-223",2,20,0.533496947794968,32.9116318939487,33.7074224395454,-13.4558159469743,-18.9415564309404,-0.238224579993644,0.00287437055348625,0.249551699803614,0.329805796921176,11
"199-K-223__ITER3","199-K-223",3,20,0.0685357685844874,129.508554869261,133.165837662239,-61.7542774346305,7.0359107254523,-0.0821428184042891,0.000239618672084784,0.24185631597816,0.060428033343308,46
"199-K-224__ITER1","199-K-224",1,NA,NA,NA,NA,NA,NA,NA,NA,NA,NA,NA
"199-K-224__ITER2","199-K-224",2,13,0.0221373321826449,26.5472560394867,27.3430465850835,-10.2736280197434,21.3644904294619,-0.0621936197092005,-0.000543029080080428,0.25379056133815,0.474334382115074,11
"199-K-224__ITER3","199-K-224",3,13,0.0403519784277953,297.389992472608,302.716870660832,-145.694996236304,15.9615582084143,-0.0852939087045697,-0.000199805177543253,0.0732921057494166,0.0367562981544618,106
"199-K-229__ITER1","199-K-229",1,NA,NA,NA,NA,NA,NA,NA,NA,NA,NA,NA
"199-K-229__ITER2","199-K-229",2,NA,NA,NA,NA,NA,NA,NA,NA,NA,NA,NA
"199-K-229__ITER3","199-K-229",3,NA,NA,NA,NA,NA,NA,NA,NA,NA,NA,NA
"199-K-230__ITER1","199-K-230",1,NA,NA,NA,NA,NA,NA,NA,NA,NA,NA,NA
"199-K-230__ITER2","199-K-230",2,NA,NA,NA,NA,NA,NA,NA,NA,NA,NA,NA
"199-K-230__ITER3","199-K-230",3,17,0.742405146379176,63.8694110854259,65.9584559608728,-28.934705542713,-2.68788446575013,0.0433973543775493,-4.35266882416936e-05,0.549210372764732,0.636723789571094,21
"199-K-235__ITER1","199-K-235",1,NA,NA,NA,NA,NA,NA,NA,NA,NA,NA,NA
"199-K-235__ITER2","199-K-235",2,NA,NA,NA,NA,NA,NA,NA,NA,NA,NA,NA
"199-K-235__ITER3","199-K-235",3,29,0.000406038853077439,256.54642637532,261.568145388354,-125.27321318766,-10.4643668813084,0.0151883214169691,0.000525691199794572,0.823747265452622,4.21760544528579e-05,91
"199-K-236__ITER1","199-K-236",1,NA,NA,NA,NA,NA,NA,NA,NA,NA,NA,NA
"199-K-236__ITER2","199-K-236",2,NA,NA,NA,NA,NA,NA,NA,NA,NA,NA,NA
"199-K-236__ITER3","199-K-236",3,24,1.99840144432528e-15,292.831524176078,298.504087989981,-143.415762088039,58.6783327702582,-0.258495438630216,-0.00135969038741131,0.000531619287537524,2.03759042992945e-17,126
"199-K-31__ITER1","199-K-31",1,0,0.093560406800767,46.9378635028903,48.8267414612232,-20.4689317514452,17.0611549042689,-0.134339450315473,4.37760733849774e-05,0.0190672639797545,0.595397411277815,19
"199-K-31__ITER2","199-K-31",2,0,NA,NA,NA,NA,NA,NA,NA,NA,NA,NA
"199-K-31__ITER3","199-K-31",3,0,0.0204578061080934,59.9523579814597,62.1344428881763,-26.9761789907299,22.353381004506,-0.206577728382556,0.000224498465108933,0.0419918767915965,0.0586853201272014,22
"199-K-32A__ITER1","199-K-32A",1,NA,NA,NA,NA,NA,NA,NA,NA,NA,NA,NA
"199-K-32A__ITER2","199-K-32A",2,15,5.58050429200208e-08,91.1104599672747,94.6328601986618,-42.5552299836373,-10.1733471876036,0.0864288773617005,0.000147133737432715,0.000220074464579059,1.01971061271618e-11,43
"199-K-32B__ITER1","199-K-32B",1,NA,NA,NA,NA,NA,NA,NA,NA,NA,NA,NA
"199-K-32B__ITER2","199-K-32B",2,0,0.00189955052370383,31.0486122332168,31.6876695628321,-13.5243061166084,0.179772613601586,NA,9.32185729997283e-05,NA,0.000194814867274351,14
"199-K-34__ITER1","199-K-34",1,NA,NA,NA,NA,NA,NA,NA,NA,NA,NA,NA
"199-K-34__ITER2","199-K-34",2,10,0.000637371717022273,49.571394729882,51.6604396053288,-21.785697364941,1.58620467872177,0.131427585972016,-0.000965914377191676,0.293225328602848,7.77226141200222e-06,21
"199-K-34__ITER3","199-K-34",3,10,0.0535186131991069,33.996395112919,35.1262938278421,-13.9981975564595,17.6842101612968,-0.146136693064727,9.93318320298094e-05,0.00709483480180043,0.797636388708828,13
"199-K-34__ITER4","199-K-34",4,10,0.695939429711906,64.6848698196165,66.8669547263331,-29.3424349098083,6.61548697079862,-0.0389872268588701,7.38304435835242e-06,0.430576075132551,0.91418727049107,22
"199-K-36__ITER1","199-K-36",1,34,0.533418373585961,26.0345578416724,26.1934409250321,-10.0172789208362,14.5456057454118,-0.0468479882677671,-0.000434792254074061,0.494461009220019,0.266916993891613,8
"199-K-36__ITER2","199-K-36",2,34,NA,NA,NA,NA,NA,NA,NA,NA,NA,NA
"199-K-36__ITER3","199-K-36",3,NA,NA,NA,NA,NA,NA,NA,NA,NA,NA,NA
"199-K-36__ITER4","199-K-36",4,34,0,1001.69185657905,1009.46961249572,-497.845928289525,0.381931616453866,0.19658923787308,-0.0011143587652871,0.000603827888868442,1.29892420020125e-13,361
"199-K-37__ITER1","199-K-37",1,NA,NA,NA,NA,NA,NA,NA,NA,NA,NA,NA
"199-K-37__ITER2","199-K-37",2,16,5.2953109119791e-08,46.0959738383592,48.6876475703679,-20.0479869191796,9.21135846566073,-0.0129149301247287,-0.000278846855289442,0.84260286651934,1.62106240332414e-14,27
"36-M__ITER1","36-M",1,NA,NA,NA,NA,NA,NA,NA,NA,NA,NA,NA
"36-M__ITER2","36-M",2,2,0.018791124974354,19.0653470607537,19.2242301441134,-6.53267353037686,-83.8270725468589,0.743758035108742,-0.000109194922097033,0.00866065526231084,0.323799754983225,8
"38-M__ITER1","38-M",1,NA,NA,NA,NA,NA,NA,NA,NA,NA,NA,NA
"38-M__ITER2","38-M",2,73,0.0518633110058843,24.5935389237386,25.1987091097267,-9.29676946186931,-80.1166142111333,0.632186812857888,0.000393923097981415,0.25537539846889,0.0487909164511403,10
"43-M__ITER1","43-M",1,NA,NA,NA,NA,NA,NA,NA,NA,NA,NA,NA
"43-M__ITER2","43-M",2,9,0.000229490314821779,8.6049597381169,8.76384282147657,-1.30247986905845,201.705075039924,-1.68644448421016,-0.000398869890921033,9.14710209324867e-06,0.00223914988079202,8
"45-M__ITER1","45-M",1,NA,NA,NA,NA,NA,NA,NA,NA,NA,NA,NA
"45-M__ITER2","45-M",2,NA,NA,NA,NA,NA,NA,NA,NA,NA,NA,NA
"47-D__ITER1","47-D",1,NA,NA,NA,NA,NA,NA,NA,NA,NA,NA,NA
"47-D__ITER2","47-D",2,86,0.000650108443530861,42.7653185872248,44.5460621030171,-18.3826592936124,81.1943070773749,-0.724218398539162,0.000199317453507668,9.57839141017252e-05,0.00339706076443184,18
"47-M__ITER1","47-M",1,NA,NA,NA,NA,NA,NA,NA,NA,NA,NA,NA
"47-M__ITER2","47-M",2,1,0.00894015547464255,47.8648355697349,49.8563001168429,-20.9324177848674,43.7402575500243,-0.388131319157259,0.000119345680692141,0.0178745082981842,0.0228819960985137,20
"48-M__ITER1","48-M",1,NA,NA,NA,NA,NA,NA,NA,NA,NA,NA,NA
"48-M__ITER2","48-M",2,43,0.0281695045271242,30.9228207594965,32.0527194744196,-12.4614103797482,-56.90918859236,0.518579662440624,-4.76349816876953e-05,0.025932716496618,0.442704189200581,13
"50-M__ITER1","50-M",1,NA,NA,NA,NA,NA,NA,NA,NA,NA,NA,NA
"50-M__ITER2","50-M",2,33,0.104730564495861,36.3714726187059,37.5013713336289,-15.1857363093529,9.46072184635702,-0.0391600090450437,-0.000197059214914822,0.923681625260413,0.0618293112706177,13
"52-D__ITER1","52-D",1,NA,NA,NA,NA,NA,NA,NA,NA,NA,NA,NA
"52-D__ITER2","52-D",2,NA,NA,NA,NA,NA,NA,NA,NA,NA,NA,NA
"54-M__ITER1","54-M",1,NA,NA,NA,NA,NA,NA,NA,NA,NA,NA,NA
"54-M__ITER2","54-M",2,NA,NA,NA,NA,NA,NA,NA,NA,NA,NA,NA
"699-100-43B__ITER1","699-100-43B",1,0,0.0161205696309424,25.0882550154496,25.8840455610464,-9.54412750772481,140.482687880768,-1.19618602633812,-7.4456905674144e-05,0.00222112102301483,0.881496387595985,11
"699-100-43B__ITER2","699-100-43B",2,0,NA,NA,NA,NA,NA,NA,NA,NA,NA,NA
"699-88-41__ITER1","699-88-41",1,0,NA,NA,NA,NA,NA,NA,NA,NA,NA,NA
"699-88-41__ITER2","699-88-41",2,0,0.0390274283163261,44.7263103783136,46.3927370664261,-19.3631551891568,-3.06502207972224,0.0301806944006875,0.000114808692204762,0.705705526858643,0.00494965653909676,17
"699-89-35__ITER1","699-89-35",1,0,NA,NA,NA,NA,NA,NA,NA,NA,NA,NA
"699-89-35__ITER2","699-89-35",2,0,5.74038560874346e-06,10.032267411334,10.8280579569307,-2.01613370566699,22.0742336068793,-0.186597877153114,8.62646052877184e-05,6.26021100818131e-08,0.000108502052436818,11
"699-94-41__ITER1","699-94-41",1,90,1.95189117443428e-05,12.4799822939828,13.2757728395796,-3.2399911469914,10.0421932236114,-0.00274753025023228,-0.00049814976102753,0.948419344597697,1.17318088336124e-15,11
"699-94-41__ITER2","699-94-41",2,90,5.58540694558518e-05,60.0181555953615,62.6098293273701,-27.0090777976807,4.74807300731593,0.00985560210883475,-0.000198379261285701,0.904758759547977,8.59612855794758e-08,27
"699-94-43__ITER1","699-94-43",1,0,0.23933205357042,36.9920399719353,38.1219386868583,-15.4960199859676,3.8897117876704,-0.0340496810838879,0.000244749896974241,0.660145232684259,0.0738743423861899,13
"699-94-43__ITER2","699-94-43",2,0,8.56203996590921e-13,25.524522659892,28.1161963919006,-9.76226132994599,5.04681578764039,0.0911244964541668,-0.000753714195515927,0.423604894946843,4.8490702380643e-21,27
"699-95-45__ITER1","699-95-45",1,58,4.10478878665188e-08,0.151182841852605,0.946973387449346,2.9244085790737,7.40222242175,0.00283736543341248,-0.000256943055501419,0.602876581192047,1.41400089968052e-51,11
"699-95-45__ITER2","699-95-45",2,58,9.19141707189652e-09,12.1243541880547,13.6695316325342,-3.06217709402734,50.7310517357269,-0.0360716582463467,-0.00275667788359616,0.684401521518531,1.96566489790619e-42,16
"699-95-45__ITER3","699-95-45",3,58,0.142322744366339,24.2334486696944,24.6278978243668,-9.1167243348472,-11.0933737974148,0.0671752821964026,0.000235611790022325,0.599969951254536,0.0235839250118452,9
"699-95-48__ITER1","699-95-48",1,77,0.0482446910589476,19.5718264160441,19.7307094994038,-6.78591320802205,1.61563698891256,0.027868458098994,-9.46940700598683e-05,0.365002125907167,0.0654875015736247,8
"699-95-48__ITER2","699-95-48",2,77,0,11.3873883402074,14.2553627491777,-2.6936941701037,7.74568353676902,0.00837190168498066,-0.000357095658767906,0.831479237448991,1.33022067829498e-79,31
"699-95-51__ITER1","699-95-51",1,24,0.00410864493474961,17.4915222679543,17.8859714226268,-5.74576113397717,-9.28069888616215,0.178294468157104,-0.00060158474905419,0.0535154793848391,0.0017339129383419,9
"699-95-51__ITER2","699-95-51",2,24,3.63807928227544e-09,55.0279352972999,57.8959097062702,-24.5139676486499,-9.31836408923298,0.17707734984561,-0.000553673468598702,0.0746035437285146,6.30250848404347e-12,31
"699-96-52B__ITER1","699-96-52B",1,1,0.0101409392230115,16.4524160711485,16.6112991545082,-5.22620803557425,-11.7402334907347,0.146380259744917,-0.000106075955355243,0.00573782789184652,0.0587214738526573,8
"699-96-52B__ITER2","699-96-52B",2,1,5.99065241857488e-11,46.7196371253076,49.6511089309071,-20.3598185626538,2.15674092119177,0.068009854590644,-0.000455530764427157,0.478861924512746,1.56682146354705e-12,32
"699-97-41__ITER1","699-97-41",1,30,2.49569894306134e-06,14.0499632025824,15.1798619175055,-4.0249816012912,33.413016308983,-0.214857572147391,-0.0002993428846294,3.41576305114855e-16,0.000169293144100796,13
"699-97-41__ITER2","699-97-41",2,30,0.0191882284179927,67.914269423592,70.3520210733284,-30.957134711796,48.252068828459,-0.317158493196484,-0.000542261075453987,0.0825016645010437,0.00215044021371993,25
"699-97-43B__ITER1","699-97-43B",1,80,8.00308357939983e-06,5.00947899052587,5.40392814519831,0.495260504737063,3.87169880826782,0.0264579551267175,-0.000166864080467149,3.65143022941541e-06,4.56460298285867e-26,9
"699-97-43B__ITER2","699-97-43B",2,80,3.18878005767242e-06,35.0722607873057,37.0637253344137,-14.5361303936529,60.5876045940198,-0.333737723666954,-0.00114520893223836,0.210226755517503,2.53714608042075e-09,20
"699-97-43C__ITER1","699-97-43C",1,NA,NA,NA,NA,NA,NA,NA,NA,NA,NA,NA
"699-97-43C__ITER2","699-97-43C",2,NA,NA,NA,NA,NA,NA,NA,NA,NA,NA,NA
"699-97-45__ITER1","699-97-45",1,63,0.00937277447605933,24.8283435036007,25.6241340491974,-9.41417175180034,10.1175818855215,-0.04075914264777,-9.04473107626118e-05,0.00253082353613877,0.00609651745748833,11
"699-97-45__ITER2","699-97-45",2,63,5.20681593418892e-06,15.5207625953615,16.6506613102846,-4.76038129768076,14.1324421982437,-0.032888413742707,-0.000402890503137732,0.761622566247465,1.53491106039924e-15,13
"699-97-45B__ITER1","699-97-45B",1,NA,NA,NA,NA,NA,NA,NA,NA,NA,NA,NA
"699-97-45B__ITER2","699-97-45B",2,0,0.000212956477703918,58.9024097483596,60.0804635787076,-27.4512048741798,-3.44136801058797,NA,0.000268925018640818,NA,5.66652572249557e-05,24
"699-97-48B__ITER1","699-97-48B",1,28,0.0186570400821728,17.671701950633,17.8305850339927,-5.83585097531652,2.37480589572871,0.0230488033973759,-9.6929313101181e-05,0.113295209148398,0.00910342806731531,8
"699-97-48B__ITER2","699-97-48B",2,28,6.48476706444079e-07,22.7160120520828,24.3824387401952,-8.35800602604141,16.363068864388,-0.0548268899475454,-0.000428354362475331,0.557522342239347,1.88284277805038e-12,17
"699-97-48C__ITER1","699-97-48C",1,0,0.0536949622461258,18.8821707163408,18.8280808653961,-7.44108535817041,-21.3931550298151,NA,0.00167753836664033,NA,0.0265314263539967,7
"699-97-48C__ITER2","699-97-48C",2,0,1.03982867649677e-07,49.3053100120641,50.6011468780684,-22.6526550060321,-0.144113840566289,NA,0.00027410967582344,NA,1.53025665854788e-12,27
"699-97-51A__ITER1","699-97-51A",1,NA,NA,NA,NA,NA,NA,NA,NA,NA,NA,NA
"699-97-51A__ITER2","699-97-51A",2,16,0.000100977691816717,73.985280352987,76.7876751163113,-33.9926401764935,57.7938788462203,-0.407564542713346,-0.00047902251278556,0.00106881849902871,7.65941643458638e-07,30
"699-98-43__ITER1","699-98-43",1,27,0.0332207641591631,30.2012279288836,31.1710412284596,-12.1006139644418,7.71912168263131,-0.0220781187719231,-6.76757890420228e-05,0.0520344349525816,0.0432915300111337,12
"699-98-43__ITER2","699-98-43",2,27,8.81068006330921e-08,7.36241443360877,8.49231314853184,-0.681207216804385,14.7224491962096,-0.0212065329488447,-0.000524655417819339,0.890065990762942,5.27154758477567e-27,13
"699-98-46__ITER1","699-98-46",1,28,0.0254615064211331,23.9839904686114,24.5891606545995,-8.99199523430569,7.501247427238,-0.00745321031015818,-0.0001844934422317,0.803502670086394,0.00171628673874492,10
"699-98-46__ITER2","699-98-46",2,28,1.58468793642896e-11,52.5750428091627,55.6857389321415,-23.2875214045813,10.6891960749666,-0.0337833923411383,-0.000197322922273136,0.166120835916958,3.11544857172279e-24,35
"699-98-49A__ITER1","699-98-49A",1,NA,NA,NA,NA,NA,NA,NA,NA,NA,NA,NA
"699-98-49A__ITER2","699-98-49A",2,NA,NA,NA,NA,NA,NA,NA,NA,NA,NA,NA
"699-98-51__ITER1","699-98-51",1,6,0.0505523413034963,24.1352848239149,24.5297339785873,-9.06764241195744,162.967742943241,-1.42927092152141,0.000419039052392981,0.00614752691859677,0.557869119020719,9
"699-98-51__ITER2","699-98-51",2,6,0.000264706277053328,87.6719393797312,90.78263550271,-40.8359696898656,112.235426876663,-0.916227333093359,-0.000181823875920476,8.9199953178766e-05,0.186782560013877,35
"699-99-41__ITER1","699-99-41",1,0,0.0026388659709079,18.1964695863092,18.5909187409816,-6.09823479315459,94.695225299691,-0.563216853264141,-0.00182679469901252,0.12432852222788,0.000324682009981514,9
"699-99-41__ITER2","699-99-41",2,0,0.000439681553224047,74.6927564223381,77.6242282279375,-34.346378211169,122.103702054081,-0.997540785758397,-0.000353873428368184,0.000115258693473432,0.0297237074045773,32
"699-99-42B__ITER1","699-99-42B",1,1,0.00187671076093776,18.2822021248697,18.6766512795422,-6.14110106243487,126.003110450015,-0.872803905617072,-0.00156369390122184,0.071994866850219,0.00820228880500706,9
"699-99-42B__ITER2","699-99-42B",2,NA,NA,NA,NA,NA,NA,NA,NA,NA,NA,NA
"699-99-44__ITER1","699-99-44",1,9,0.0127173657360888,19.7512725993027,20.1457217539751,-6.87563629965135,13.6313873062423,-0.0762957976304149,-7.47651393110854e-05,0.00348727238850814,0.015147496448069,9
"699-99-44__ITER2","699-99-44",2,9,1.91304067292952e-05,57.8752289107056,60.4669026427143,-25.9376144553528,28.5022948918585,-0.170423498012826,-0.000335699619172279,0.0101035782775809,1.43550367723036e-08,27
"AT-D-4-D__ITER1","AT-D-4-D",1,NA,NA,NA,NA,NA,NA,NA,NA,NA,NA,NA
"AT-D-4-D__ITER2","AT-D-4-D",2,NA,NA,NA,NA,NA,NA,NA,NA,NA,NA,NA
"AT-H-2-D__ITER1","AT-H-2-D",1,NA,NA,NA,NA,NA,NA,NA,NA,NA,NA,NA
"AT-H-2-D__ITER2","AT-H-2-D",2,48,0.000354620091130076,33.5973580540265,35.2637847421389,-13.7986790270132,90.6270193683962,-0.782201738327723,1.14826144810075e-06,2.61016601183993e-07,0.981768235841485,17
"AT-H-3-D__ITER1","AT-H-3-D",1,NA,NA,NA,NA,NA,NA,NA,NA,NA,NA,NA
"AT-H-3-D__ITER2","AT-H-3-D",2,73,0.00632702702984356,39.8964421868324,41.441619631312,-16.9482210934162,71.1472343628653,-0.582070457594853,-0.000146255111631542,0.000602447538826985,0.007230868759299,16
"AT-K-1-D__ITER1","AT-K-1-D",1,60,0.00136145170957402,13.6460721312685,14.0405212859409,-3.82303606563425,-107.01095529707,1.15492746757323,-0.00189789213595816,4.78270793501917e-06,0.00237977513344799,9
"AT-K-1-D__ITER2","AT-K-1-D",2,NA,NA,NA,NA,NA,NA,NA,NA,NA,NA,NA
"AT-K-1-D__ITER3","AT-K-1-D",3,12,0.194881351430558,24.0324327311948,24.1913158145545,-9.01621636559741,75.1636262262952,-0.658169877877502,0.000211491471918863,0.0540591377385924,0.466008479889827,8
"C5633__ITER1","C5633",1,NA,NA,NA,NA,NA,NA,NA,NA,NA,NA,NA
"C5633__ITER2","C5633",2,12,4.28918213168927e-08,9.73743280083455,11.0155474600651,-1.86871640041727,55.3137770935592,-0.506805975645093,0.000267955160914321,1.83403707108574e-10,6.22040667398644e-21,14
"C5636__ITER1","C5636",1,NA,NA,NA,NA,NA,NA,NA,NA,NA,NA,NA
"C5636__ITER2","C5636",2,1,0.303293878672257,40.3066612257578,41.5847758849883,-17.1533306128789,12.6217994921199,-0.111755675265536,0.000121940148915757,0.633157017816313,0.117958015715083,14
"C5638__ITER1","C5638",1,NA,NA,NA,NA,NA,NA,NA,NA,NA,NA,NA
"C5638__ITER2","C5638",2,48,0.231691212694697,42.6085633765952,44.0246637787996,-18.3042816882976,-77.0017465971849,0.676385689693515,0.000112901626270666,0.107995670015103,0.195279225036767,15
"C5641__ITER1","C5641",1,NA,NA,NA,NA,NA,NA,NA,NA,NA,NA,NA
"C5641__ITER2","C5641",2,49,0.0260581994704375,41.0785711216143,42.6237485660939,-17.5392855608072,57.8215626231775,-0.461257875215472,-0.000114480078572739,0.00417473476335405,0.0362093065552719,16
"C5678__ITER1","C5678",1,NA,NA,NA,NA,NA,NA,NA,NA,NA,NA,NA
"C5678__ITER2","C5678",2,NA,NA,NA,NA,NA,NA,NA,NA,NA,NA,NA
"C5682__ITER1","C5682",1,NA,NA,NA,NA,NA,NA,NA,NA,NA,NA,NA
"C5682__ITER2","C5682",2,NA,NA,NA,NA,NA,NA,NA,NA,NA,NA,NA
"C6238__ITER1","C6238",1,4,0.123124928993421,21.4456538778921,21.6045369612518,-7.72282693894607,33.9951828391377,-0.28403688205977,6.01101919574274e-05,0.0256084339487316,0.489346068073397,8
"C6238__ITER2","C6238",2,NA,NA,NA,NA,NA,NA,NA,NA,NA,NA,NA
"C6238__ITER3","C6238",3,32,0.421487299344973,23.9068341222094,24.065717205569,-8.95341706110469,7.27295883448708,-0.0628902001522433,0.000105713831282552,0.585301505296336,0.196202403333278,8
"C6241__ITER1","C6241",1,61,0.277426588074711,45.6222572386935,47.0383576408979,-19.8111286193468,19.3199591480993,-0.131667256592919,-0.000151525817863029,0.233872401170145,0.527049584832388,15
"C6241__ITER2","C6241",2,NA,NA,NA,NA,NA,NA,NA,NA,NA,NA,NA
"C6241__ITER3","C6241",3,14,0.00717712553240979,15.7610527507657,15.9199358341254,-4.88052637538284,41.8537907969955,-0.38111949172588,0.000247121639076162,0.000167197070267107,0.00197344871530205,8
"C6272__ITER1","C6272",1,NA,NA,NA,NA,NA,NA,NA,NA,NA,NA,NA
"C6272__ITER2","C6272",2,NA,NA,NA,NA,NA,NA,NA,NA,NA,NA,NA
"C6293__ITER1","C6293",1,NA,NA,NA,NA,NA,NA,NA,NA,NA,NA,NA
"C6293__ITER2","C6293",2,NA,NA,NA,NA,NA,NA,NA,NA,NA,NA,NA
"C6301__ITER1","C6301",1,NA,NA,NA,NA,NA,NA,NA,NA,NA,NA,NA
"C6301__ITER2","C6301",2,NA,NA,NA,NA,NA,NA,NA,NA,NA,NA,NA
"C6334__ITER1","C6334",1,NA,NA,NA,NA,NA,NA,NA,NA,NA,NA,NA
"C6334__ITER2","C6334",2,8,0.0186720493625253,19.5627854940839,19.9572346487564,-6.78139274704197,27.2944280920422,-0.258298788757038,0.000243978023731199,0.533047019080621,0.0102742915351474,9
"C7642__ITER1","C7642",1,NA,NA,NA,NA,NA,NA,NA,NA,NA,NA,NA
"C7642__ITER2","C7642",2,NA,NA,NA,NA,NA,NA,NA,NA,NA,NA,NA
"C7642__ITER3","C7642",3,NA,NA,NA,NA,NA,NA,NA,NA,NA,NA,NA
"C7647__ITER1","C7647",1,NA,NA,NA,NA,NA,NA,NA,NA,NA,NA,NA
"C7647__ITER2","C7647",2,48,0.03806338649894,44.6762866717381,46.3427133598505,-19.338143335869,-26.8715526880788,0.222879461882427,0.000151259094674101,0.172864418994345,0.00523764317413928,17
"C7649__ITER1","C7649",1,NA,NA,NA,NA,NA,NA,NA,NA,NA,NA,NA
"C7649__ITER2","C7649",2,9,0.163086076226869,38.0144953502936,39.5596727947731,-16.0072476751468,-37.7806979129246,0.342422408096996,-4.36271955597454e-05,0.0942434073165632,0.591433669756187,16
"C7650__ITER1","C7650",1,NA,NA,NA,NA,NA,NA,NA,NA,NA,NA,NA
"C7650__ITER2","C7650",2,0,2.98058116854349e-07,24.0009810534084,25.7817245692007,-9.00049052670419,52.0564869233013,-0.351730133827979,-0.000503337006636343,0.0487657704979909,5.97707909177843e-18,18
"DD-15-3__ITER1","DD-15-3",1,NA,NA,NA,NA,NA,NA,NA,NA,NA,NA,NA
"DD-15-3__ITER2","DD-15-3",2,4,0.0636137864411702,44.4967866197812,46.0419640642608,-19.2483933098906,72.7030810657166,-0.575576705947852,-0.000204461247853229,0.0579762803552485,0.0280935981599482,16
"DD-16-4__ITER1","DD-16-4",1,NA,NA,NA,NA,NA,NA,NA,NA,NA,NA,NA
"DD-16-4__ITER2","DD-16-4",2,16,1.25605844170096e-06,18.3581990018961,19.7742994041005,-6.17909950094805,14.8384445252736,-0.0617088730538545,-0.000309004379197989,0.664723461684869,1.78272297940657e-14,15
"DD-17-2__ITER1","DD-17-2",1,NA,NA,NA,NA,NA,NA,NA,NA,NA,NA,NA
"DD-17-2__ITER2","DD-17-2",2,60,0.000206359478656104,26.5665692335297,27.8446838927603,-10.2832846167649,-52.1549371621117,0.482981881204219,-0.000150701558353621,6.92465989421907e-05,0.0549738231410075,14
"DD-41-3__ITER1","DD-41-3",1,19,0.000224875343255437,5.98615602754025,5.87797632565088,0.00692198622987528,-39.4224705333262,0.424816037617184,-0.000516013522259117,1.55137635995342e-08,0.018119288604738,7
"DD-41-3__ITER2","DD-41-3",2,NA,NA,NA,NA,NA,NA,NA,NA,NA,NA,NA
"DD-44-4__ITER1","DD-44-4",1,27,8.19728100133199e-05,3.96783880429468,3.85965910240531,1.01608059785266,38.6484548788374,-0.061237145522938,-0.00197576514739049,0.645278597496,3.18661238001286e-22,7
"DD-44-4__ITER2","DD-44-4",2,NA,NA,NA,NA,NA,NA,NA,NA,NA,NA,NA
"DD-49-3__ITER1","DD-49-3",1,NA,NA,NA,NA,NA,NA,NA,NA,NA,NA,NA
"DD-49-3__ITER2","DD-49-3",2,50,0.00163834839911237,38.3851583214845,40.051585009597,-16.1925791607423,35.7665256788637,-0.262279208158317,-0.000166042573129961,0.00922309410556018,1.31345476512563e-05,17
"DD-50-3__ITER1","DD-50-3",1,NA,NA,NA,NA,NA,NA,NA,NA,NA,NA,NA
"DD-50-3__ITER2","DD-50-3",2,50,0.109674752220303,49.632463563949,51.4132070797413,-21.8162317819745,36.2622935879726,-0.291409745479096,5.12426006335634e-06,0.0546747989022598,0.914174760860143,18
"DD-50-4__ITER1","DD-50-4",1,NA,NA,NA,NA,NA,NA,NA,NA,NA,NA,NA
"DD-50-4__ITER2","DD-50-4",2,6,0.0814346233507841,49.0370262500114,50.8177697658038,-21.5185131250057,37.0138662703015,-0.289327765288933,-3.90927462846481e-05,0.0188815546577003,0.318806619623025,18
"Redox-1-6.0__ITER1","Redox-1-6.0",1,NA,NA,NA,NA,NA,NA,NA,NA,NA,NA,NA
"Redox-1-6.0__ITER2","Redox-1-6.0",2,NA,NA,NA,NA,NA,NA,NA,NA,NA,NA,NA
"Redox-3-3.3__ITER1","Redox-3-3.3",1,NA,NA,NA,NA,NA,NA,NA,NA,NA,NA,NA
"Redox-3-3.3__ITER2","Redox-3-3.3",2,NA,NA,NA,NA,NA,NA,NA,NA,NA,NA,NA
